name,datetime,tempmax,tempmin,temp,feelslikemax,feelslikemin,feelslike,dew,humidity,precip,precipprob,precipcover,preciptype,snow,snowdepth,windgust,windspeed,winddir,sealevelpressure,cloudcover,visibility,solarradiation,solarenergy,uvindex,severerisk,sunrise,sunset,moonphase,conditions,description,icon,stations,day,month,year,weekday,is_weekend,temp_lag_1,precip_lag_1,humidity_lag_1,temp_lag_2,precip_lag_2,humidity_lag_2,temp_lag_3,precip_lag_3,humidity_lag_3,temp_lag_7,precip_lag_7,humidity_lag_7
valencia,2023-04-22,23.4,11.9,17.6,23.4,11.9,17.6,11.8,70.4,0.657,100.0,8.33,rain,0.0,0.0,27.4,18.0,81.4,1010.5,62.2,11.9,212.8,18.3,8,10.0,2023-04-22T07:14:54,2023-04-22T20:45:58,0.07,"Rain, Partially cloudy",Partly cloudy throughout the day with late afternoon rain.,rain,"08284099999,LEVC,F1683,LEBT,08014399999,08286099999",22,4,2023,5,1,17.6,0.0,65.7,17.5,0.0,47.9,15.5,0.0,60.1,21.4,0.0,32.6
valencia,2023-04-29,29.9,15.8,20.7,28.6,15.8,20.6,14.3,69.2,0.047,100.0,4.17,rain,0.0,0.0,36.4,21.7,92.4,1012.9,57.5,12.9,162.1,13.9,5,10.0,2023-04-29T07:05:36,2023-04-29T20:52:55,0.3,"Rain, Partially cloudy",Partly cloudy throughout the day with late afternoon rain.,rain,"08284099999,LEVC,F1683,LEBT,08014399999,08286099999",29,4,2023,5,1,18.9,0.0,74.0,18.5,0.0,75.9,19.0,0.0,72.1,17.6,0.657,70.4
valencia,2023-05-07,24.8,16.4,19.8,24.8,16.4,19.8,13.1,66.4,0.0,0.0,0.0,rain,0.0,0.0,31.3,21.1,64.9,1017.3,42.6,12.4,204.6,17.6,9,10.0,2023-05-07T06:56:06,2023-05-07T21:00:45,0.56,Partially cloudy,Partly cloudy throughout the day.,partly-cloudy-day,"08284099999,LEVC,F1683,LEBT,08014399999,08286099999",7,5,2023,6,1,19.7,0.0,63.3,19.6,0.0,72.8,18.9,0.0,63.2,20.5,0.0,65.0
valencia,2023-05-12,20.7,13.5,17.5,20.7,13.5,17.5,7.7,54.2,1.66,100.0,8.33,rain,0.0,0.0,34.2,21.8,106.2,1014.7,39.8,12.9,255.1,22.0,9,10.0,2023-05-12T06:50:52,2023-05-12T21:05:33,0.75,"Rain, Partially cloudy",Partly cloudy throughout the day with rain.,rain,"08284099999,LEVC,F1683,LEBT,08014399999,08286099999",12,5,2023,4,0,19.3,0.0,59.1,20.3,0.0,61.2,21.1,0.0,54.8,19.6,0.0,72.8
valencia,2023-05-13,20.8,10.4,15.4,20.8,10.4,15.4,8.6,66.7,1.771,100.0,16.67,rain,0.0,0.0,33.5,16.2,341.4,1017.0,36.7,13.3,262.8,22.5,10,10.0,2023-05-13T06:49:53,2023-05-13T21:06:29,0.78,"Rain, Partially cloudy",Becoming cloudy in the afternoon with rain.,rain,"08284099999,LEVC,F1683,LEBT,08014399999,08286099999",13,5,2023,5,1,17.5,1.66,54.2,19.3,0.0,59.1,20.3,0.0,61.2,19.7,0.0,63.3
valencia,2023-05-14,23.9,11.5,17.7,23.9,11.5,17.7,8.0,56.6,0.4,100.0,8.33,rain,0.0,0.0,42.5,21.1,136.6,1016.7,22.9,13.5,319.8,27.7,10,10.0,2023-05-14T06:48:56,2023-05-14T21:07:25,0.81,"Rain, Partially cloudy",Partly cloudy throughout the day with late afternoon rain.,rain,"08284099999,LEVC,F1683,LEBT,08014399999,08286099999",14,5,2023,6,1,15.4,1.771,66.7,17.5,1.66,54.2,19.3,0.0,59.1,19.8,0.0,66.4
valencia,2023-05-18,22.0,14.2,18.1,22.0,14.2,18.1,10.6,63.5,3.906,100.0,4.17,rain,0.0,0.0,33.8,25.5,112.1,1016.7,44.8,12.6,294.1,25.4,9,10.0,2023-05-18T06:45:24,2023-05-18T21:11:05,0.96,"Rain, Partially cloudy",Partly cloudy throughout the day with morning rain.,rain,"08284099999,LEVC,F1683,LEBT,08014399999,08286099999",18,5,2023,3,0,18.0,0.0,43.4,20.2,0.0,35.1,18.5,0.0,49.3,19.3,0.0,59.1
valencia,2023-05-19,21.5,14.4,18.1,21.5,14.4,18.1,8.7,56.0,1.074,100.0,8.33,rain,0.0,0.0,24.8,22.6,127.0,1016.2,47.0,12.7,264.0,22.7,10,10.0,2023-05-19T06:44:35,2023-05-19T21:11:58,0.0,"Rain, Partially cloudy",Partly cloudy throughout the day with rain clearing later.,rain,"08284099999,LEVC,F1683,LEBT,08014399999,08286099999",19,5,2023,4,0,18.1,3.906,63.5,18.0,0.0,43.4,20.2,0.0,35.1,17.5,1.66,54.2
valencia,2023-05-20,23.0,11.6,17.8,23.0,11.6,17.8,7.0,50.8,0.0,0.0,0.0,rain,0.0,0.0,32.0,21.8,96.5,1013.6,29.3,12.8,297.6,25.8,10,10.0,2023-05-20T06:43:48,2023-05-20T21:12:52,0.02,Partially cloudy,Partly cloudy throughout the day.,partly-cloudy-day,"08284099999,LEVC,F1683,LEBT,08014399999,08286099999",20,5,2023,5,1,18.1,1.074,56.0,18.1,3.906,63.5,18.0,0.0,43.4,15.4,1.771,66.7
valencia,2023-05-21,23.5,11.5,18.3,23.5,11.5,18.3,9.6,58.5,0.0,0.0,0.0,rain,0.0,0.0,34.2,18.3,77.2,1011.9,40.2,13.4,296.7,25.6,9,10.0,2023-05-21T06:43:02,2023-05-21T21:13:44,0.06,Partially cloudy,Partly cloudy throughout the day.,partly-cloudy-day,"08284099999,LEVC,F1683,LEBT,08014399999,08286099999",21,5,2023,6,1,17.8,0.0,50.8,18.1,1.074,56.0,18.1,3.906,63.5,17.7,0.4,56.6
valencia,2023-05-22,21.7,16.2,18.8,21.7,16.2,18.8,12.6,68.3,0.0,0.0,0.0,rain,0.0,0.0,46.4,23.8,61.2,1012.6,63.9,12.4,207.6,18.0,8,10.0,2023-05-22T06:42:18,2023-05-22T21:14:36,0.09,Partially cloudy,Partly cloudy throughout the day.,partly-cloudy-day,"08284099999,LEVC,F1683,LEBT,08014399999,08286099999",22,5,2023,0,0,18.3,0.0,58.5,17.8,0.0,50.8,18.1,1.074,56.0,18.5,0.0,49.3
valencia,2023-05-23,20.8,15.7,18.3,20.8,15.7,18.3,13.5,74.4,19.529,100.0,8.33,rain,0.0,0.0,52.6,31.0,39.6,1012.8,75.0,10.7,87.6,7.4,5,10.0,2023-05-23T06:41:36,2023-05-23T21:15:27,0.12,"Rain, Partially cloudy",Partly cloudy throughout the day with rain.,rain,"08284099999,LEVC,F1683,LEBT,08014399999,08286099999",23,5,2023,1,0,18.8,0.0,68.3,18.3,0.0,58.5,17.8,0.0,50.8,20.2,0.0,35.1
valencia,2023-05-24,23.9,15.7,19.3,23.9,15.7,19.3,13.9,73.9,2.968,100.0,29.17,rain,0.0,0.0,37.4,19.7,114.9,1014.1,51.4,11.8,265.0,22.8,9,10.0,2023-05-24T06:40:56,2023-05-24T21:16:17,0.15,"Rain, Partially cloudy",Partly cloudy throughout the day with rain clearing later.,rain,"08284099999,LEVC,F1683,LEBT,08014399999,08286099999",24,5,2023,2,0,18.3,19.529,74.4,18.8,0.0,68.3,18.3,0.0,58.5,18.0,0.0,43.4
valencia,2023-05-25,23.4,14.4,18.1,23.4,14.4,18.1,14.1,78.9,1.659,100.0,16.67,rain,0.0,0.0,32.8,21.1,89.4,1015.5,57.9,11.8,159.4,13.9,10,10.0,2023-05-25T06:40:17,2023-05-25T21:17:06,0.19,"Rain, Partially cloudy",Partly cloudy throughout the day with rain.,rain,"08284099999,LEVC,F1683,LEBT,08014399999,08286099999,08290099999",25,5,2023,3,0,19.3,2.968,73.9,18.3,19.529,74.4,18.8,0.0,68.3,18.1,3.906,63.5
valencia,2023-05-26,22.2,15.9,18.5,22.2,15.9,18.5,15.7,84.3,6.315,100.0,45.83,rain,0.0,0.0,32.0,24.8,52.3,1018.4,63.7,11.5,205.8,17.7,9,10.0,2023-05-26T06:39:40,2023-05-26T21:17:55,0.22,"Rain, Partially cloudy",Partly cloudy throughout the day with rain.,rain,"08284099999,LEVC,F1683,LEBT,08014399999,08286099999",26,5,2023,4,0,18.1,1.659,78.9,19.3,2.968,73.9,18.3,19.529,74.4,18.1,1.074,56.0
valencia,2023-05-27,24.4,15.1,19.7,24.4,15.1,19.7,13.5,70.6,0.0,0.0,0.0,rain,0.0,0.0,32.0,18.7,75.3,1017.7,52.2,10.6,216.1,18.5,9,10.0,2023-05-27T06:39:05,2023-05-27T21:18:43,0.25,Partially cloudy,Partly cloudy throughout the day.,partly-cloudy-day,"08284099999,LEVC,F1683,LEBT,08014399999,08286099999",27,5,2023,5,1,18.5,6.315,84.3,18.1,1.659,78.9,19.3,2.968,73.9,17.8,0.0,50.8
valencia,2023-05-28,22.8,15.9,18.8,22.8,15.9,18.8,14.7,78.1,2.093,100.0,29.17,rain,0.0,0.0,24.1,18.6,124.6,1014.3,48.4,11.9,182.5,15.6,9,10.0,2023-05-28T06:38:32,2023-05-28T21:19:30,0.28,"Rain, Partially cloudy",Partly cloudy throughout the day with a chance of rain throughout the day.,rain,"08284099999,LEVC,F1683,LEBT,08014399999,08286099999",28,5,2023,6,1,19.7,0.0,70.6,18.5,6.315,84.3,18.1,1.659,78.9,18.3,0.0,58.5
valencia,2023-05-29,24.1,16.6,20.0,24.1,16.6,20.0,14.9,74.0,0.0,0.0,0.0,rain,0.0,0.0,29.5,16.7,120.1,1012.6,42.6,12.1,244.8,21.0,10,10.0,2023-05-29T06:38:00,2023-05-29T21:20:16,0.31,Partially cloudy,Partly cloudy throughout the day.,partly-cloudy-day,"08284099999,LEVC,F1683,LEBT,08014399999,08286099999",29,5,2023,0,0,18.8,2.093,78.1,19.7,0.0,70.6,18.5,6.315,84.3,18.8,0.0,68.3
valencia,2023-05-30,23.9,14.4,19.6,23.9,14.4,19.6,14.1,71.7,0.0,0.0,0.0,rain,0.0,0.0,28.1,18.3,94.5,1015.0,35.6,12.1,234.7,20.2,9,10.0,2023-05-30T06:37:31,2023-05-30T21:21:01,0.35,Partially cloudy,Partly cloudy throughout the day.,partly-cloudy-day,"08284099999,LEVC,F1683,LEBT,08014399999,08286099999",30,5,2023,1,0,20.0,0.0,74.0,18.8,2.093,78.1,19.7,0.0,70.6,18.3,19.529,74.4
valencia,2023-06-01,24.6,15.2,20.4,24.6,15.2,20.4,14.9,71.7,0.0,0.0,0.0,rain,0.0,0.0,34.6,23.0,66.3,1014.2,55.4,11.8,263.8,22.7,8,10.0,2023-06-01T06:36:37,2023-06-01T21:22:28,0.41,Partially cloudy,Partly cloudy throughout the day.,partly-cloudy-day,"08284099999,LEVC,F1683,LEBT,08014399999,08286099999",1,6,2023,3,0,21.1,0.0,61.4,19.6,0.0,71.7,20.0,0.0,74.0,18.1,1.659,78.9
valencia,2023-06-02,24.8,15.1,20.2,24.8,15.1,20.2,15.3,74.6,3.906,100.0,4.17,rain,0.0,0.0,28.4,17.5,89.7,1013.4,35.2,11.8,250.7,21.6,10,10.0,2023-06-02T06:36:13,2023-06-02T21:23:09,0.44,"Rain, Partially cloudy",Partly cloudy throughout the day with afternoon rain.,rain,"08284099999,LEVC,F1683,LEBT,08014399999,08286099999,08290099999",2,6,2023,4,0,20.4,0.0,71.7,21.1,0.0,61.4,19.6,0.0,71.7,18.5,6.315,84.3
valencia,2023-06-04,26.6,17.3,21.2,26.6,17.3,21.2,15.5,71.6,0.024,100.0,4.17,rain,0.0,0.0,32.4,21.8,104.7,1014.6,43.0,12.3,295.9,25.5,10,10.0,2023-06-04T06:35:31,2023-06-04T21:24:29,0.5,"Rain, Partially cloudy",Partly cloudy throughout the day with afternoon rain.,rain,"08284099999,LEVC,F1683,LEBT,08014399999,08286099999",4,6,2023,6,1,20.7,0.0,72.8,20.2,3.906,74.6,20.4,0.0,71.7,18.8,2.093,78.1
valencia,2023-06-07,24.4,18.0,20.6,24.4,18.0,20.6,15.7,73.7,0.098,100.0,4.17,rain,0.0,0.0,13.3,15.3,23.0,1014.9,59.2,12.0,118.2,10.0,4,10.0,2023-06-07T06:34:41,2023-06-07T21:26:20,0.62,"Rain, Partially cloudy",Partly cloudy throughout the day with late afternoon rain.,rain,"08284099999,LEVC,F1683,LEBT,08014399999,08286099999",7,6,2023,2,0,22.0,0.0,66.9,21.3,0.0,71.0,21.2,0.024,71.6,21.1,0.0,61.4
valencia,2023-06-08,26.1,16.0,21.2,26.1,16.0,21.2,15.9,73.5,0.195,100.0,4.17,rain,0.0,0.0,30.6,17.3,130.9,1012.2,53.4,11.8,237.4,20.6,10,10.0,2023-06-08T06:34:29,2023-06-08T21:26:55,0.65,"Rain, Partially cloudy",Partly cloudy throughout the day with late afternoon rain.,rain,"08284099999,LEVC,F1683,LEBT,08014399999,08286099999",8,6,2023,3,0,20.6,0.098,73.7,22.0,0.0,66.9,21.3,0.0,71.0,20.4,0.0,71.7
valencia,2023-06-09,32.4,18.0,25.5,30.7,18.0,25.0,14.4,57.6,0.195,100.0,4.17,rain,0.0,0.0,42.5,28.4,257.3,1009.8,41.1,12.9,334.0,29.0,10,10.0,2023-06-09T06:34:18,2023-06-09T21:27:28,0.69,"Rain, Partially cloudy",Partly cloudy throughout the day with early morning rain.,rain,"08284099999,LEVC,F1683,LEBT,08014399999,08286099999",9,6,2023,4,0,21.2,0.195,73.5,20.6,0.098,73.7,22.0,0.0,66.9,20.2,3.906,74.6
valencia,2023-06-11,28.8,20.2,23.7,29.4,20.2,23.8,17.6,69.8,5.887,100.0,16.67,rain,0.0,0.0,26.3,22.1,71.0,1013.3,49.5,10.7,295.7,25.7,10,30.0,2023-06-11T06:34:02,2023-06-11T21:28:29,0.76,"Rain, Partially cloudy",Clearing in the afternoon with late afternoon rain.,rain,"08284099999,LEVC,F1683,LEBT,08014399999,08286099999",11,6,2023,6,1,26.5,0.0,46.5,25.5,0.195,57.6,21.2,0.195,73.5,21.2,0.024,71.6
valencia,2023-06-13,29.5,17.4,22.4,29.5,17.4,22.4,16.9,74.1,7.033,100.0,16.67,rain,0.0,0.0,37.4,24.9,129.8,1008.6,36.9,12.3,251.0,21.8,10,30.0,2023-06-13T06:33:54,2023-06-13T21:29:25,0.83,"Rain, Partially cloudy",Partly cloudy throughout the day with rain.,rain,"08284099999,LEVC,F1683,LEBT,08014399999,08286099999",13,6,2023,1,0,22.2,0.0,77.8,23.7,5.887,69.8,26.5,0.0,46.5,22.0,0.0,66.9
valencia,2023-06-18,26.4,20.7,23.9,26.4,20.7,23.9,15.8,61.3,0.795,100.0,4.17,rain,0.0,0.0,29.2,18.3,69.6,1013.3,47.5,11.3,123.0,10.7,4,10.0,2023-06-18T06:34:06,2023-06-18T21:31:15,0.0,"Rain, Partially cloudy",Partly cloudy throughout the day with morning rain.,rain,"08284099999,LEVC,F1683,LEBT,08014399999,08286099999,08290099999",18,6,2023,6,1,25.8,0.0,54.4,25.1,0.0,58.0,25.4,0.0,54.5,23.7,5.887,69.8
valencia,2023-06-20,30.3,19.7,24.9,29.8,19.7,25.2,17.0,62.9,0.0,0.0,0.0,rain,0.0,0.0,33.5,20.6,118.9,1010.9,47.3,11.2,286.5,24.7,9,10.0,2023-06-20T06:34:24,2023-06-20T21:31:48,0.07,Partially cloudy,Clearing in the afternoon.,partly-cloudy-day,"08284099999,LEVC,F1683,LEBT,08014399999,08286099999",20,6,2023,1,0,23.6,0.0,60.2,23.9,0.795,61.3,25.8,0.0,54.4,22.4,7.033,74.1
valencia,2023-06-21,29.0,21.4,24.7,30.9,21.4,25.2,19.9,75.6,2.353,100.0,12.5,rain,0.0,0.0,29.5,19.0,80.9,1012.7,54.5,10.8,240.0,20.6,9,60.0,2023-06-21T06:34:35,2023-06-21T21:32:02,0.11,"Rain, Partially cloudy",Partly cloudy throughout the day with late afternoon rain.,rain,"08284099999,LEVC,F1683,LEBT,08014399999,08286099999,08290099999",21,6,2023,2,0,24.9,0.0,62.9,23.6,0.0,60.2,23.9,0.795,61.3,23.2,0.0,62.5
valencia,2023-06-22,32.3,19.4,25.8,31.6,19.4,25.6,15.7,57.4,3.06,100.0,16.67,rain,0.0,0.0,33.5,23.6,109.2,1016.9,23.6,13.0,329.5,28.5,10,10.0,2023-06-22T06:34:48,2023-06-22T21:32:13,0.14,"Rain, Partially cloudy",Partly cloudy throughout the day with early morning rain.,rain,"08284099999,LEVC,F1683,LEBT,08014399999,08286099999,08290099999",22,6,2023,3,0,24.7,2.353,75.6,24.9,0.0,62.9,23.6,0.0,60.2,25.4,0.0,54.5
valencia,2023-06-26,33.1,24.7,28.0,33.6,24.7,28.6,18.5,57.1,0.586,100.0,4.17,rain,0.0,0.0,32.0,21.7,73.7,1017.3,34.4,12.7,281.8,24.2,10,10.0,2023-06-26T06:35:58,2023-06-26T21:32:42,0.25,"Rain, Partially cloudy",Partly cloudy throughout the day with early morning rain.,rain,"08284099999,LEVC,F1683,LEBT,08014399999,08286099999,08290099999",26,6,2023,0,0,27.8,0.0,51.5,26.9,0.0,54.5,25.9,0.0,55.8,23.6,0.0,60.2
valencia,2023-07-03,30.9,21.5,25.6,33.7,21.5,26.4,19.4,69.9,26.416,100.0,16.67,rain,0.0,0.0,38.9,26.4,53.9,1016.4,40.8,11.7,220.9,19.1,9,30.0,2023-07-03T06:39:00,2023-07-03T21:32:20,0.5,"Rain, Partially cloudy",Partly cloudy throughout the day with late afternoon rain.,rain,"08284099999,LEVC,F1683,LEBT,08014399999,08286099999",3,7,2023,0,0,26.8,0.0,58.1,24.9,0.0,59.8,26.2,0.0,53.2,28.0,0.586,57.1
valencia,2023-07-05,29.3,22.1,25.8,31.6,22.1,26.7,21.3,77.5,0.0,0.0,0.0,rain,0.0,0.0,33.1,22.6,72.5,1016.2,55.4,11.9,312.5,26.8,10,30.0,2023-07-05T06:40:04,2023-07-05T21:31:56,0.57,Partially cloudy,Partly cloudy throughout the day.,partly-cloudy-day,"08284099999,LEVC,F1683,LEBT,08014399999,08286099999",5,7,2023,2,0,25.1,0.0,77.7,25.6,26.416,69.9,26.8,0.0,58.1,26.3,0.0,70.2
valencia,2023-07-06,30.0,22.5,26.2,32.0,22.5,27.0,20.9,73.7,0.1,100.0,4.17,rain,0.0,0.0,32.0,21.8,85.9,1014.3,54.4,12.0,233.5,20.1,9,30.0,2023-07-06T06:40:39,2023-07-06T21:31:42,0.6,"Rain, Partially cloudy",Partly cloudy throughout the day with afternoon rain.,rain,"08284099999,LEVC,F1683,LEBT,08014399999,08286099999",6,7,2023,3,0,25.8,0.0,77.5,25.1,0.0,77.7,25.6,26.416,69.9,26.1,0.0,69.3
valencia,2023-07-11,32.4,23.4,27.8,37.2,23.4,30.1,23.0,76.6,0.868,100.0,12.5,rain,0.0,0.0,48.2,24.3,104.8,1014.9,39.8,11.2,272.8,23.7,9,30.0,2023-07-11T06:43:48,2023-07-11T21:29:59,0.78,"Rain, Partially cloudy",Partly cloudy throughout the day with late afternoon rain.,rain,"08284099999,LEVC,F1683,LEBT,08014399999,08286099999",11,7,2023,1,0,27.5,0.0,73.0,27.6,0.0,70.4,26.6,0.0,70.3,25.1,0.0,77.7
valencia,2023-07-12,31.5,23.1,27.6,37.0,23.1,30.1,23.2,78.0,0.195,100.0,4.17,rain,0.0,0.0,36.4,19.8,81.0,1013.4,38.0,10.3,246.1,21.3,9,30.0,2023-07-12T06:44:29,2023-07-12T21:29:32,0.81,"Rain, Partially cloudy",Partly cloudy throughout the day with early morning rain.,rain,"08284099999,LEVC,F1683,LEBT,08014399999,08286099999",12,7,2023,2,0,27.8,0.868,76.6,27.5,0.0,73.0,27.6,0.0,70.4,25.8,0.0,77.5
valencia,2023-07-13,30.9,24.4,27.6,34.0,24.4,29.3,22.2,73.4,0.0,0.0,0.0,rain,0.0,0.0,34.9,21.2,82.4,1017.2,47.4,11.2,288.8,25.1,10,30.0,2023-07-13T06:45:11,2023-07-13T21:29:04,0.85,Partially cloudy,Partly cloudy throughout the day.,partly-cloudy-day,"08284099999,LEVC,F1683,LEBT,08014399999,08286099999",13,7,2023,3,0,27.6,0.195,78.0,27.8,0.868,76.6,27.5,0.0,73.0,26.2,0.1,73.7
valencia,2023-07-16,30.5,24.9,27.7,34.9,24.9,29.7,22.3,73.0,0.0,0.0,0.0,rain,0.0,0.0,34.2,23.0,68.0,1014.5,47.7,11.6,232.0,20.1,8,60.0,2023-07-16T06:47:23,2023-07-16T21:27:28,0.95,Partially cloudy,Partly cloudy throughout the day.,partly-cloudy-day,"08284099999,LEVC,F1683,LEBT,08014399999,08286099999",16,7,2023,6,1,28.7,0.0,67.8,27.8,0.0,72.3,27.6,0.0,73.4,27.6,0.0,70.4
valencia,2023-07-17,31.6,24.8,28.1,35.5,24.8,30.3,23.0,75.2,0.0,0.0,0.0,rain,0.0,0.0,31.7,17.4,87.4,1017.3,44.9,11.5,256.9,22.1,9,30.0,2023-07-17T06:48:09,2023-07-17T21:26:52,0.0,Partially cloudy,Partly cloudy throughout the day.,partly-cloudy-day,"08284099999,LEVC,F1683,LEBT,08014399999,08286099999",17,7,2023,0,0,27.7,0.0,73.0,28.7,0.0,67.8,27.8,0.0,72.3,27.5,0.0,73.0
valencia,2023-07-20,32.6,26.2,28.6,37.3,26.2,31.8,23.6,75.1,1.953,100.0,4.17,rain,0.0,0.0,36.0,20.9,91.4,1011.9,52.7,10.9,215.7,18.6,8,30.0,2023-07-20T06:50:31,2023-07-20T21:24:54,0.09,"Rain, Partially cloudy",Partly cloudy throughout the day with late afternoon rain.,rain,"08284099999,LEVC,F1683,LEBT,08014399999,08286099999",20,7,2023,3,0,29.3,0.0,69.8,28.2,0.0,74.4,28.1,0.0,75.2,27.6,0.0,73.4
valencia,2023-07-22,31.7,25.7,28.7,35.1,25.7,31.3,22.4,69.7,0.0,0.0,0.0,rain,0.0,0.0,34.6,23.6,75.8,1015.2,48.2,11.5,309.4,26.8,10,75.0,2023-07-22T06:52:09,2023-07-22T21:23:26,0.15,Partially cloudy,Partly cloudy throughout the day.,partly-cloudy-day,"08284099999,LEVC,F1683,LEBT,08014399999,08286099999",22,7,2023,5,1,27.9,0.0,71.5,28.6,1.953,75.1,29.3,0.0,69.8,28.7,0.0,67.8
valencia,2023-07-23,32.4,26.0,29.0,37.9,26.0,32.4,23.6,73.8,0.293,100.0,4.17,rain,0.0,0.0,49.7,19.1,102.3,1013.9,46.3,10.8,285.1,24.7,9,75.0,2023-07-23T06:52:59,2023-07-23T21:22:39,0.19,"Rain, Partially cloudy",Partly cloudy throughout the day with early morning rain.,rain,"08284099999,LEVC,F1683,LEBT,08014399999,08286099999",23,7,2023,6,1,28.7,0.0,69.7,27.9,0.0,71.5,28.6,1.953,75.1,27.7,0.0,73.0
valencia,2023-07-25,30.3,24.7,27.5,31.5,24.7,28.2,19.7,63.3,0.0,0.0,0.0,rain,0.0,0.0,45.4,23.9,99.9,1011.8,37.4,13.1,306.0,26.4,10,30.0,2023-07-25T06:54:40,2023-07-25T21:21:01,0.25,Partially cloudy,Partly cloudy throughout the day.,partly-cloudy-day,"08284099999,LEVC,F1683,LEBT,08014399999,08286099999",25,7,2023,1,0,30.1,0.0,64.2,29.0,0.293,73.8,28.7,0.0,69.7,28.2,0.0,74.4
valencia,2023-07-27,31.8,25.2,28.1,34.7,25.2,29.6,20.3,62.9,0.0,0.0,0.0,rain,0.0,0.0,33.8,22.0,100.5,1014.3,50.1,12.8,275.6,23.8,9,30.0,2023-07-27T06:56:24,2023-07-27T21:19:17,0.32,Partially cloudy,Partly cloudy throughout the day.,partly-cloudy-day,"08284099999,LEVC,F1683,LEBT,08014399999,08286099999",27,7,2023,3,0,26.8,0.0,58.8,27.5,0.0,63.3,30.1,0.0,64.2,28.6,1.953,75.1
valencia,2023-07-30,32.1,23.1,27.8,36.6,23.1,30.0,22.4,73.3,0.0,0.0,0.0,rain,0.0,0.0,33.8,20.0,75.6,1015.9,36.8,11.6,267.4,22.9,10,30.0,2023-07-30T06:59:02,2023-07-30T21:16:28,0.42,Partially cloudy,Partly cloudy throughout the day.,partly-cloudy-day,"08284099999,LEVC,F1683,LEBT,08014399999,08286099999",30,7,2023,6,1,28.3,0.0,70.1,28.0,0.0,70.6,28.1,0.0,62.9,29.0,0.293,73.8
valencia,2023-07-31,32.8,25.2,28.7,38.0,25.2,31.5,22.9,71.9,0.0,0.0,0.0,rain,0.0,0.0,37.4,22.1,95.3,1015.8,46.2,11.5,267.9,23.3,9,60.0,2023-07-31T06:59:55,2023-07-31T21:15:28,0.45,Partially cloudy,Partly cloudy throughout the day.,partly-cloudy-day,"08284099999,LEVC,F1683,LEBT,08014399999,08286099999",31,7,2023,0,0,27.8,0.0,73.3,28.3,0.0,70.1,28.0,0.0,70.6,30.1,0.0,64.2
valencia,2023-08-03,31.7,25.4,28.1,32.8,25.4,29.1,20.8,66.6,0.0,0.0,0.0,rain,0.0,0.0,49.0,26.2,91.1,1010.2,40.8,12.1,282.6,24.4,9,10.0,2023-08-03T07:02:38,2023-08-03T21:12:21,0.56,Partially cloudy,Partly cloudy throughout the day.,partly-cloudy-day,"08284099999,LEVC,F1683,LEBT,08014399999,08286099999,F7738",3,8,2023,3,0,30.1,0.0,59.9,28.9,0.0,66.3,28.7,0.0,71.9,28.1,0.0,62.9
valencia,2023-08-04,31.4,22.2,26.5,29.4,22.2,26.0,11.2,40.9,0.976,100.0,4.17,rain,0.0,0.0,40.7,24.2,33.5,1015.8,46.2,13.2,279.5,24.3,8,10.0,2023-08-04T07:03:32,2023-08-04T21:11:15,0.59,"Rain, Partially cloudy",Clearing in the afternoon with morning rain.,rain,"08284099999,LEVC,F1683,LEBT,08014399999,08286099999,F7738",4,8,2023,4,0,28.1,0.0,66.6,30.1,0.0,59.9,28.9,0.0,66.3,28.0,0.0,70.6
valencia,2023-08-07,30.4,20.0,25.6,31.6,20.0,25.9,17.2,60.7,0.2,100.0,8.33,rain,0.0,0.0,35.3,23.1,101.8,1018.5,32.8,11.9,253.6,21.8,9,10.0,2023-08-07T07:06:17,2023-08-07T21:07:51,0.69,"Rain, Partially cloudy",Partly cloudy throughout the day with afternoon rain.,rain,"08284099999,LEVC,F1683,LEBT,08014399999,08286099999",7,8,2023,0,0,25.7,0.0,55.3,25.1,0.0,42.9,26.5,0.976,40.9,28.7,0.0,71.9
valencia,2023-08-08,30.2,24.7,26.8,32.2,24.7,27.7,20.6,69.0,0.0,0.0,0.0,rain,0.0,0.0,36.7,20.6,106.1,1017.1,65.2,11.9,215.5,18.6,9,5.0,2023-08-08T07:07:12,2023-08-08T21:06:40,0.75,Partially cloudy,Partly cloudy throughout the day.,partly-cloudy-day,"08284099999,LEVC,F1683,LEBT,08014399999,08286099999",8,8,2023,1,0,25.6,0.2,60.7,25.7,0.0,55.3,25.1,0.0,42.9,28.9,0.0,66.3
valencia,2023-08-26,32.0,23.5,27.1,36.4,23.5,28.9,22.1,74.9,9.354,100.0,8.33,rain,0.0,0.0,114.8,29.0,78.2,1011.2,39.3,11.0,194.7,16.9,7,100.0,2023-08-26T07:23:54,2023-08-26T20:42:20,0.34,"Rain, Partially cloudy",Partly cloudy throughout the day with late afternoon rain.,rain,"08284099999,LEVC,F1683,LEBT,08014399999,08286099999",26,8,2023,5,1,29.0,0.0,52.8,29.9,0.0,45.4,30.2,0.0,45.5,27.5,0.0,75.2
valencia,2023-08-27,28.3,20.9,24.9,27.1,20.9,24.6,13.7,57.6,4.891,100.0,20.83,rain,0.0,0.0,55.4,38.0,321.6,1010.3,30.5,12.2,253.2,21.9,9,10.0,2023-08-27T07:24:49,2023-08-27T20:40:50,0.38,"Rain, Partially cloudy",Partly cloudy throughout the day with rain clearing later.,rain,"08284099999,LEVC,F1683,LEBT,08014399999,08286099999",27,8,2023,6,1,27.1,9.354,74.9,29.0,0.0,52.8,29.9,0.0,45.4,28.2,0.0,72.3
valencia,2023-08-29,30.1,20.1,25.0,28.6,20.1,24.8,11.7,44.6,0.0,0.0,0.0,rain,0.0,0.0,49.3,24.6,119.5,1012.2,20.5,13.3,264.2,22.9,9,10.0,2023-08-29T07:26:40,2023-08-29T20:37:49,0.44,Partially cloudy,Partly cloudy throughout the day.,partly-cloudy-day,"08284099999,LEVC,F1683,LEBT,08014399999,08286099999",29,8,2023,1,0,25.3,0.0,37.8,24.9,4.891,57.6,27.1,9.354,74.9,29.1,0.0,51.1
valencia,2023-09-02,26.0,20.1,23.8,26.0,20.1,23.8,18.9,74.5,13.181,100.0,25.0,rain,0.0,0.0,36.0,22.5,60.7,1014.0,54.6,11.3,141.4,12.1,7,30.0,2023-09-02T07:30:21,2023-09-02T20:31:39,0.58,"Rain, Partially cloudy",Partly cloudy throughout the day with rain in the morning and afternoon.,rain,"08284099999,LEVC,F1683,LEBT,08014399999,08286099999,F7738",2,9,2023,5,1,25.1,0.0,68.9,24.2,0.0,63.3,23.9,0.0,52.3,27.1,9.354,74.9
valencia,2023-09-03,25.3,18.9,22.8,25.3,18.9,22.8,19.9,83.7,72.866,100.0,45.83,rain,0.0,0.0,59.1,35.6,40.1,1014.3,73.3,10.1,59.5,5.1,5,60.0,2023-09-03T07:31:16,2023-09-03T20:30:05,0.61,"Rain, Partially cloudy",Partly cloudy throughout the day with a chance of rain throughout the day.,rain,"08284099999,LEVC,F1683,LEBT,08014399999,08286099999,F7738",3,9,2023,6,1,23.8,13.181,74.5,25.1,0.0,68.9,24.2,0.0,63.3,24.9,4.891,57.6
valencia,2023-09-04,28.7,24.6,26.0,31.7,24.6,26.7,20.9,73.7,0.0,0.0,0.0,rain,0.0,0.0,48.2,31.0,44.5,1013.6,84.0,10.4,167.7,14.6,6,30.0,2023-09-04T07:32:11,2023-09-04T20:28:31,0.64,Partially cloudy,Partly cloudy throughout the day.,partly-cloudy-day,"08284099999,LEVC,F1683,LEBT,08014399999,08286099999",4,9,2023,0,0,22.8,72.866,83.7,23.8,13.181,74.5,25.1,0.0,68.9,25.3,0.0,37.8
valencia,2023-09-05,29.8,23.1,25.9,32.0,23.1,26.7,21.7,78.5,0.0,0.0,0.0,rain,0.0,0.0,31.7,22.8,64.6,1015.6,44.4,10.2,215.3,18.7,7,30.0,2023-09-05T07:33:06,2023-09-05T20:26:56,0.68,Partially cloudy,Partly cloudy throughout the day.,partly-cloudy-day,"08284099999,LEVC,F1683,LEBT,08014399999,08286099999",5,9,2023,1,0,26.0,0.0,73.7,22.8,72.866,83.7,23.8,13.181,74.5,25.0,0.0,44.6
valencia,2023-09-12,28.3,20.2,24.0,29.7,20.2,24.4,19.5,77.3,15.882,100.0,8.33,rain,0.0,0.0,26.3,21.4,53.9,1013.8,45.1,11.5,181.2,15.7,6,30.0,2023-09-12T07:39:31,2023-09-12T20:15:42,0.91,"Rain, Partially cloudy",Partly cloudy throughout the day with late afternoon rain.,rain,"08284099999,LEVC,F1683,LEBT,08014399999,08286099999,08290099999",12,9,2023,1,0,24.3,0.0,75.2,24.0,0.0,76.3,23.9,0.0,75.4,25.9,0.0,78.5
valencia,2023-09-13,27.3,19.4,23.2,28.4,19.4,23.3,18.7,77.8,0.0,0.0,0.0,rain,0.0,0.0,30.2,17.1,61.5,1017.3,36.6,12.0,184.6,16.1,8,30.0,2023-09-13T07:40:26,2023-09-13T20:14:05,0.94,Partially cloudy,Partly cloudy throughout the day.,partly-cloudy-day,"08284099999,LEVC,F1683,LEBT,08014399999,08286099999",13,9,2023,2,0,24.0,15.882,77.3,24.3,0.0,75.2,24.0,0.0,76.3,24.6,0.0,75.3
valencia,2023-09-14,27.4,20.4,23.9,29.0,20.4,24.2,19.6,77.5,0.5,100.0,8.33,rain,0.0,0.0,31.0,20.8,49.4,1017.7,42.1,11.6,174.0,15.1,8,30.0,2023-09-14T07:41:21,2023-09-14T20:12:27,0.98,"Rain, Partially cloudy",Partly cloudy throughout the day with afternoon rain.,rain,"08284099999,LEVC,F1683,LEBT,08014399999,08286099999,08290099999",14,9,2023,3,0,23.2,0.0,77.8,24.0,15.882,77.3,24.3,0.0,75.2,24.3,0.0,76.3
valencia,2023-09-15,25.0,19.9,22.3,25.0,19.9,22.3,20.2,87.9,38.684,100.0,25.0,rain,0.0,0.0,27.0,17.2,42.5,1013.6,67.0,9.9,107.1,9.2,8,30.0,2023-09-15T07:42:16,2023-09-15T20:10:49,0.0,"Rain, Partially cloudy",Partly cloudy throughout the day with rain.,rain,"08284099999,LEVC,F1683,LEBT,08014399999,08286099999",15,9,2023,4,0,23.9,0.5,77.5,23.2,0.0,77.8,24.0,15.882,77.3,24.0,0.0,77.6
valencia,2023-09-17,29.0,20.5,23.2,31.6,20.5,23.6,20.1,83.8,5.539,100.0,12.5,rain,0.0,0.0,46.4,26.7,313.1,1012.3,36.9,10.5,182.0,15.6,7,30.0,2023-09-17T07:44:06,2023-09-17T20:07:34,0.08,"Rain, Partially cloudy",Partly cloudy throughout the day with rain.,rain,"08284099999,LEVC,F1683,LEBT,08014399999,08286099999",17,9,2023,6,1,23.1,0.0,83.7,22.3,38.684,87.9,23.9,0.5,77.5,24.0,0.0,76.3
valencia,2023-09-18,27.8,19.6,22.9,27.1,19.6,22.8,13.8,59.3,0.0,0.0,0.0,rain,0.0,0.0,37.4,26.1,265.4,1015.5,61.6,12.6,174.0,15.0,7,10.0,2023-09-18T07:45:02,2023-09-18T20:05:56,0.12,Partially cloudy,Partly cloudy throughout the day.,partly-cloudy-day,"08284099999,LEVC,F1683,LEBT,08014399999,08286099999",18,9,2023,0,0,23.2,5.539,83.8,23.1,0.0,83.7,22.3,38.684,87.9,24.3,0.0,75.2
valencia,2023-09-19,25.6,17.4,21.5,25.6,17.4,21.5,16.7,74.6,6.0,100.0,29.17,rain,0.0,0.0,50.0,28.5,357.1,1017.2,60.3,11.4,94.5,8.2,5,10.0,2023-09-19T07:45:57,2023-09-19T20:04:18,0.15,"Rain, Partially cloudy",Partly cloudy throughout the day with rain.,rain,"08284099999,LEVC,F1683,LEBT,08014399999,08286099999",19,9,2023,1,0,22.9,0.0,59.3,23.2,5.539,83.8,23.1,0.0,83.7,24.0,15.882,77.3
valencia,2023-09-20,29.9,14.8,21.8,29.1,14.8,21.6,13.8,65.3,0.7,100.0,8.33,rain,0.0,0.0,29.2,24.1,243.9,1012.5,18.8,11.4,232.3,19.9,8,10.0,2023-09-20T07:46:53,2023-09-20T20:02:39,0.19,Rain,Clear conditions throughout the day with early morning rain.,rain,"08284099999,LEVC,F1683,LEBT,08014399999,08286099999",20,9,2023,2,0,21.5,6.0,74.6,22.9,0.0,59.3,23.2,5.539,83.8,23.2,0.0,77.8
valencia,2023-10-14,28.1,17.1,21.4,27.5,17.1,21.3,13.9,65.6,0.029,100.0,8.33,rain,0.0,0.0,42.5,22.4,281.9,1018.3,74.6,11.7,98.9,8.4,4,10.0,2023-10-14T08:10:00,2023-10-14T19:24:37,0.0,"Rain, Partially cloudy",Partly cloudy throughout the day with late afternoon rain.,rain,"08284099999,LEVC,F1683,LEBT,08014399999,08286099999",14,10,2023,5,1,20.8,0.0,76.9,20.3,0.0,80.8,20.2,0.0,79.5,21.9,0.0,80.8
valencia,2023-10-15,26.1,15.5,21.2,26.1,15.5,21.2,14.9,68.1,0.024,100.0,4.17,rain,0.0,0.0,36.0,16.7,131.7,1016.7,38.6,12.1,170.1,14.7,6,10.0,2023-10-15T08:11:01,2023-10-15T19:23:08,0.02,"Rain, Partially cloudy",Partly cloudy throughout the day with early morning rain.,rain,"08284099999,LEVC,F1683,LEBT,08014399999,08286099999",15,10,2023,6,1,21.4,0.029,65.6,20.8,0.0,76.9,20.3,0.0,80.8,21.9,0.0,80.0
valencia,2023-10-16,28.2,19.8,23.1,27.9,19.8,23.1,16.5,69.0,0.009,100.0,4.17,rain,0.0,0.0,26.6,12.6,303.7,1011.8,54.8,11.9,120.2,10.5,5,10.0,2023-10-16T08:12:03,2023-10-16T19:21:40,0.06,"Rain, Partially cloudy",Partly cloudy throughout the day with morning rain.,rain,"08284099999,LEVC,F1683,LEBT,08014399999,08286099999",16,10,2023,0,0,21.2,0.024,68.1,21.4,0.029,65.6,20.8,0.0,76.9,20.7,0.0,78.5
valencia,2023-10-19,28.7,19.8,23.3,28.1,19.8,23.2,12.5,51.4,0.0,0.0,0.0,rain,0.0,0.0,57.2,33.0,235.7,999.0,47.6,12.5,108.3,9.3,5,10.0,2023-10-19T08:15:10,2023-10-19T19:17:21,0.17,Partially cloudy,Partly cloudy throughout the day.,partly-cloudy-day,"08284099999,LEVC,F1683,LEBT,08014399999,08286099999",19,10,2023,3,0,23.0,0.0,62.8,21.5,0.0,79.0,23.1,0.009,69.0,20.3,0.0,80.8
valencia,2023-10-20,22.4,17.6,19.5,22.4,17.6,19.5,9.4,52.7,0.098,100.0,4.17,rain,0.0,0.0,63.0,39.4,255.8,996.2,28.4,13.0,135.4,11.9,6,10.0,2023-10-20T08:16:13,2023-10-20T19:15:57,0.2,"Rain, Partially cloudy",Partly cloudy throughout the day with morning rain.,rain,"08284099999,LEVC,F1683,LEBT,08014399999,08286099999",20,10,2023,4,0,23.3,0.0,51.4,23.0,0.0,62.8,21.5,0.0,79.0,20.8,0.0,76.9
valencia,2023-10-22,21.3,9.3,15.6,21.3,8.7,15.6,8.4,62.9,0.494,100.0,12.5,rain,0.0,0.0,35.3,18.8,34.3,1009.1,61.8,12.3,94.1,8.1,6,10.0,2023-10-22T08:18:19,2023-10-22T19:13:11,0.25,"Rain, Partially cloudy",Partly cloudy throughout the day with late afternoon rain.,rain,"08284099999,LEVC,F1683,LEBT,08014399999,08286099999",22,10,2023,6,1,17.1,0.0,48.8,19.5,0.098,52.7,23.3,0.0,51.4,21.2,0.024,68.1
valencia,2023-10-23,25.0,15.6,20.0,25.0,15.6,20.0,12.5,64.6,0.976,100.0,4.17,rain,0.0,0.0,45.0,23.5,257.1,1007.2,39.6,12.0,124.6,10.8,5,10.0,2023-10-23T08:19:23,2023-10-23T19:11:49,0.31,"Rain, Partially cloudy",Partly cloudy throughout the day with late afternoon rain.,rain,"08284099999,LEVC,F1683,LEBT,08014399999,08286099999",23,10,2023,0,0,15.6,0.494,62.9,17.1,0.0,48.8,19.5,0.098,52.7,23.1,0.009,69.0
valencia,2023-11-02,27.2,14.9,21.3,26.9,14.9,21.3,9.9,48.6,0.014,100.0,4.17,rain,0.0,0.0,93.2,58.7,260.1,1003.0,42.9,11.8,129.0,11.2,6,10.0,2023-11-02T07:30:20,2023-11-02T17:59:19,0.65,"Rain, Partially cloudy",Partly cloudy throughout the day with afternoon rain.,rain,"08284099999,LEVC,F1683,LEBT,08014399999,08286099999",2,11,2023,3,0,17.8,0.0,55.6,16.2,0.0,52.2,18.5,0.0,53.3,22.9,0.0,55.4
valencia,2023-11-04,23.7,14.7,18.9,23.7,14.7,18.9,9.2,53.7,0.0,0.0,0.0,rain,0.0,0.0,68.7,43.3,252.2,1002.3,48.6,13.0,87.6,7.6,4,10.0,2023-11-04T07:32:35,2023-11-04T17:57:05,0.71,Partially cloudy,Partly cloudy throughout the day.,partly-cloudy-day,"08284099999,LEVC,F1683,LEBT,08014399999,08286099999,08290099999",4,11,2023,5,1,16.1,0.0,47.8,21.3,0.014,48.6,17.8,0.0,55.6,19.6,0.0,54.5
valencia,2023-12-04,17.1,6.9,11.3,17.1,4.9,10.8,4.2,62.6,0.591,100.0,8.33,rain,0.0,0.0,40.7,26.3,249.1,1016.8,53.5,12.4,66.7,5.5,4,10.0,2023-12-04T08:05:18,2023-12-04T17:37:47,0.73,"Rain, Partially cloudy",Partly cloudy throughout the day with morning rain.,rain,"08284099999,LEVC,F1683,LEBT,08014399999,08286099999",4,12,2023,0,0,9.4,0.0,59.8,12.7,0.0,47.8,17.2,0.0,51.5,14.7,0.0,58.5
valencia,2023-12-06,16.6,8.7,11.3,16.6,7.6,11.0,7.3,77.5,1.367,100.0,8.33,rain,0.0,0.0,18.4,10.5,290.4,1017.2,70.4,12.1,98.4,8.6,4,10.0,2023-12-06T08:07:09,2023-12-06T17:37:36,0.79,"Rain, Partially cloudy",Partly cloudy throughout the day with rain clearing later.,rain,"08284099999,LEVC,F1683,LEBT,08014399999,08286099999",6,12,2023,2,0,10.9,0.0,61.2,11.3,0.591,62.6,9.4,0.0,59.8,18.0,0.0,61.2
valencia,2023-12-07,20.4,4.6,12.5,20.4,2.6,12.2,6.7,72.0,0.708,100.0,12.5,rain,0.0,0.0,45.0,26.7,260.7,1018.1,43.1,12.0,102.3,8.9,5,10.0,2023-12-07T08:08:03,2023-12-07T17:37:34,0.82,"Rain, Partially cloudy",Partly cloudy throughout the day with late afternoon rain.,rain,"08284099999,LEVC,F1683,LEBT,08014399999,08286099999",7,12,2023,3,0,11.3,1.367,77.5,10.9,0.0,61.2,11.3,0.591,62.6,20.2,0.0,56.7
valencia,2023-12-08,19.2,12.5,15.7,19.2,12.5,15.7,5.3,52.5,0.293,100.0,8.33,rain,0.0,0.0,66.6,30.3,282.7,1016.4,33.1,12.4,105.6,9.1,5,10.0,2023-12-08T08:08:56,2023-12-08T17:37:34,0.85,"Rain, Partially cloudy",Partly cloudy throughout the day with rain clearing later.,rain,"08284099999,LEVC,F1683,LEBT,08014399999,08286099999",8,12,2023,4,0,12.5,0.708,72.0,11.3,1.367,77.5,10.9,0.0,61.2,17.2,0.0,51.5
valencia,2024-01-04,20.3,10.6,14.6,20.3,10.6,14.6,9.2,71.6,0.005,100.0,4.17,rain,0.0,0.0,29.9,20.3,304.3,1014.5,62.4,12.4,81.7,7.2,4,10.0,2024-01-04T08:22:09,2024-01-04T17:50:34,0.75,"Rain, Partially cloudy",Partly cloudy throughout the day with late afternoon rain.,rain,"08284099999,LEVC,F1683,LEBT,08014399999,08286099999",4,1,2024,3,0,17.6,0.0,57.8,12.5,0.0,52.2,10.6,0.0,60.5,6.5,0.0,69.4
valencia,2024-01-05,16.3,10.5,12.9,16.3,10.5,12.9,5.0,62.1,0.541,100.0,12.5,rain,0.0,0.0,45.4,28.9,279.7,1006.0,44.1,12.4,97.8,8.3,5,10.0,2024-01-05T08:22:11,2024-01-05T17:51:27,0.8,"Rain, Partially cloudy",Partly cloudy throughout the day with rain.,rain,"08284099999,LEVC,F1683,LEBT,08014399999,08286099999",5,1,2024,4,0,14.6,0.005,71.6,17.6,0.0,57.8,12.5,0.0,52.2,8.4,0.0,69.8
valencia,2024-01-10,14.0,6.6,10.4,14.0,6.6,10.2,4.8,69.1,0.0,0.0,0.0,rain,0.0,0.0,27.4,18.6,252.3,1018.4,57.8,11.4,70.3,6.1,5,10.0,2024-01-10T08:21:45,2024-01-10T17:56:14,0.97,Partially cloudy,Partly cloudy throughout the day.,partly-cloudy-day,"08284099999,LEVC,F1683,LEBT,08014399999,08286099999",10,1,2024,2,0,9.4,0.0,49.4,10.1,0.0,33.7,10.8,0.0,38.7,17.6,0.0,57.8
valencia,2024-01-11,13.2,7.0,9.4,13.2,5.0,8.8,4.4,72.7,0.391,100.0,8.33,rain,0.0,0.0,26.6,12.6,294.9,1020.1,66.4,12.1,89.4,7.5,4,10.0,2024-01-11T08:21:33,2024-01-11T17:57:15,0.0,"Rain, Partially cloudy",Partly cloudy throughout the day with early morning rain.,rain,"08284099999,LEVC,F1683,LEBT,08014399999,08286099999",11,1,2024,3,0,10.4,0.0,69.1,9.4,0.0,49.4,10.1,0.0,33.7,14.6,0.005,71.6
valencia,2024-01-17,21.7,12.9,17.4,21.7,12.9,17.4,8.3,56.6,0.0,0.0,0.0,rain,0.0,0.0,75.8,48.5,261.5,1004.5,53.3,12.7,106.7,9.1,5,10.0,2024-01-17T08:19:38,2024-01-17T18:03:38,0.21,Partially cloudy,Partly cloudy throughout the day.,wind,"08284099999,LEVC,F1683,LEBT,08014399999,08286099999",17,1,2024,2,0,19.0,0.0,56.3,17.5,0.0,61.4,16.5,0.0,43.4,10.4,0.0,69.1
valencia,2024-01-19,15.6,10.6,12.5,15.6,10.6,12.5,9.5,82.8,9.598,100.0,41.67,rain,0.0,0.0,43.9,19.5,16.7,1009.5,75.2,10.6,17.5,1.5,1,10.0,2024-01-19T08:18:43,2024-01-19T18:05:52,0.28,"Rain, Partially cloudy",Partly cloudy throughout the day with rain.,rain,"08284099999,LEVC,F1683,LEBT,08014399999,08286099999",19,1,2024,4,0,18.2,0.0,53.5,17.4,0.0,56.6,19.0,0.0,56.3,7.1,0.0,67.8
valencia,2024-01-20,12.8,8.8,10.7,12.8,7.9,10.3,6.0,73.6,0.005,100.0,4.17,rain,0.0,0.0,44.3,15.1,53.1,1024.0,91.2,11.7,69.5,6.1,3,10.0,2024-01-20T08:18:12,2024-01-20T18:07:00,0.31,"Rain, Overcast",Cloudy skies throughout the day with early morning rain.,rain,"08284099999,LEVC,F1683,LEBT,08014399999,08286099999",20,1,2024,5,1,12.5,9.598,82.8,18.2,0.0,53.5,17.4,0.0,56.6,7.3,0.0,75.6
valencia,2024-02-09,17.6,11.7,14.4,17.6,11.7,14.4,9.2,73.3,4.408,100.0,20.83,rain,0.0,0.0,48.6,21.0,233.3,996.7,64.9,10.9,81.3,6.9,4,10.0,2024-02-09T08:01:29,2024-02-09T18:30:31,0.0,"Rain, Partially cloudy",Partly cloudy throughout the day with rain.,rain,"08284099999,LEVC,F1683,LEBT,08014399999,08286099999",9,2,2024,4,0,16.4,0.0,49.3,14.0,0.0,55.8,11.5,0.0,62.6,10.1,0.0,76.3
valencia,2024-02-15,19.2,8.1,13.0,19.2,7.5,12.9,9.6,81.0,0.0,0.0,0.0,rain,0.0,0.0,36.0,16.0,55.5,1019.0,77.2,11.2,117.9,10.3,6,10.0,2024-02-15T07:54:25,2024-02-15T18:37:31,0.19,Partially cloudy,Partly cloudy throughout the day.,partly-cloudy-day,"08284099999,LEVC,F1683,LEBT,08014399999,08286099999",15,2,2024,3,0,14.1,0.0,72.7,16.6,0.0,61.3,15.4,0.0,54.2,16.4,0.0,49.3
valencia,2024-02-16,16.1,10.1,13.2,16.1,10.1,13.2,11.5,90.2,0.21,100.0,12.5,rain,0.0,0.0,21.2,13.0,112.7,1019.6,57.8,8.3,55.3,4.9,4,10.0,2024-02-16T07:53:10,2024-02-16T18:38:40,0.25,"Rain, Partially cloudy",Partly cloudy throughout the day with rain.,rain,"08284099999,LEVC,F1683,LEBT,08014399999,08286099999",16,2,2024,4,0,13.0,0.0,81.0,14.1,0.0,72.7,16.6,0.0,61.3,14.4,4.408,73.3
valencia,2024-02-23,18.0,9.9,14.5,18.0,7.6,14.4,0.2,39.5,0.293,100.0,8.33,rain,0.0,0.0,51.8,39.8,274.4,1008.5,30.3,12.0,184.4,15.9,7,10.0,2024-02-23T07:43:54,2024-02-23T18:46:36,0.46,"Rain, Partially cloudy",Partly cloudy throughout the day with early morning rain.,rain,"08284099999,LEVC,F1683,LEBT,08014399999,08286099999",23,2,2024,4,0,17.3,0.0,48.8,11.2,0.0,67.7,12.2,0.0,65.2,13.2,0.21,90.2
valencia,2024-03-02,18.3,9.3,13.9,18.3,6.4,13.7,2.4,46.7,0.0,0.0,0.0,rain,0.0,0.0,59.4,37.8,243.4,1007.2,37.9,12.2,149.0,12.9,7,10.0,2024-03-02T07:32:24,2024-03-02T18:55:21,0.73,Partially cloudy,Partly cloudy throughout the day.,partly-cloudy-day,"08284099999,LEVC,F1683,LEBT,08014399999,08286099999",2,3,2024,5,1,14.2,0.0,31.5,13.2,0.0,47.4,13.1,0.0,35.2,12.5,0.0,41.1
valencia,2024-03-03,15.9,7.9,11.5,15.9,4.3,10.2,-1.4,42.2,0.195,100.0,4.17,rain,0.0,0.0,69.1,43.9,272.7,1007.1,17.7,12.4,209.5,18.2,7,10.0,2024-03-03T07:30:54,2024-03-03T18:56:25,0.75,Rain,Clear conditions throughout the day with early morning rain.,rain,"08284099999,LEVC,F1683,LEBT,08014399999,08286099999",3,3,2024,6,1,13.9,0.0,46.7,14.2,0.0,31.5,13.2,0.0,47.4,14.9,0.0,51.7
valencia,2024-03-07,17.1,9.1,13.0,17.1,8.1,12.8,7.5,70.1,0.1,100.0,4.17,rain,0.0,0.0,34.6,19.3,64.3,1013.6,76.9,11.2,145.8,12.6,8,10.0,2024-03-07T07:24:50,2024-03-07T19:00:39,0.9,"Rain, Partially cloudy",Partly cloudy throughout the day with late afternoon rain.,rain,"08284099999,LEVC,F1683,LEBT,08014399999,08286099999",7,3,2024,3,0,10.9,0.0,67.0,13.1,0.0,57.5,12.6,0.0,54.8,13.2,0.0,47.4
valencia,2024-03-08,17.0,8.9,13.0,17.0,6.8,12.7,3.9,56.4,2.024,100.0,8.33,rain,0.0,0.0,55.4,35.7,252.8,1006.9,59.8,13.0,137.2,11.9,5,10.0,2024-03-08T07:23:17,2024-03-08T19:01:42,0.94,"Rain, Partially cloudy",Partly cloudy throughout the day with early morning rain.,rain,"08284099999,LEVC,F1683,LEBT,08014399999,08286099999",8,3,2024,4,0,13.0,0.1,70.1,10.9,0.0,67.0,13.1,0.0,57.5,14.2,0.0,31.5
valencia,2024-03-09,12.1,8.7,10.1,12.1,6.8,9.6,5.0,70.9,1.952,100.0,8.33,rain,0.0,0.0,46.4,22.7,267.2,998.7,57.7,12.5,50.3,4.2,2,10.0,2024-03-09T07:21:44,2024-03-09T19:02:45,0.97,"Rain, Partially cloudy",Partly cloudy throughout the day with afternoon rain.,rain,"08284099999,LEVC,F1683,LEBT,08014399999,08286099999",9,3,2024,5,1,13.0,2.024,56.4,13.0,0.1,70.1,10.9,0.0,67.0,13.9,0.0,46.7
valencia,2024-03-10,17.3,8.8,13.0,17.3,6.6,12.5,3.9,54.8,0.684,100.0,4.17,rain,0.0,0.0,57.6,37.5,251.4,1000.9,46.5,12.7,164.8,14.1,7,10.0,2024-03-10T07:20:11,2024-03-10T19:03:47,0.0,"Rain, Partially cloudy",Partly cloudy throughout the day with afternoon rain.,rain,"08284099999,LEVC,F1683,LEBT,08014399999,08286099999",10,3,2024,6,1,10.1,1.952,70.9,13.0,2.024,56.4,13.0,0.1,70.1,11.5,0.195,42.2
valencia,2024-03-21,17.0,12.4,14.9,17.0,12.4,14.9,11.8,81.9,0.0,0.0,0.0,rain,0.0,0.0,36.7,18.3,92.7,1023.3,70.5,10.7,100.7,8.7,3,10.0,2024-03-21T07:02:46,2024-03-21T19:14:59,0.37,Partially cloudy,Partly cloudy throughout the day.,partly-cloudy-day,"08284099999,LEVC,F1683,LEBT,08014399999,08286099999",21,3,2024,3,0,15.5,0.0,76.9,14.5,0.0,81.8,15.4,0.0,78.0,12.8,0.0,67.3
valencia,2024-03-25,14.5,12.8,13.4,14.5,12.8,13.4,12.6,95.0,14.278,100.0,75.0,rain,0.0,0.0,26.3,14.9,76.3,1002.0,89.5,6.9,48.6,4.2,3,10.0,2024-03-25T06:56:22,2024-03-25T19:18:59,0.5,"Rain, Partially cloudy",Partly cloudy throughout the day with a chance of rain throughout the day.,rain,"08284099999,LEVC,F1683,LEBT,08014399999,08286099999",25,3,2024,0,0,13.7,0.0,75.8,15.8,0.0,57.2,16.0,0.0,65.3,15.4,0.0,78.0
valencia,2024-03-26,17.0,8.8,13.4,17.0,7.4,13.2,4.7,59.0,0.094,100.0,4.17,rain,0.0,0.0,51.8,38.3,263.6,992.9,42.7,10.7,178.8,15.4,8,10.0,2024-03-26T06:54:46,2024-03-26T19:19:59,0.54,"Rain, Partially cloudy",Partly cloudy throughout the day with morning rain.,rain,"08284099999,LEVC,F1683,LEBT,08014399999,08286099999,F7738",26,3,2024,1,0,13.4,14.278,95.0,13.7,0.0,75.8,15.8,0.0,57.2,14.5,0.0,81.8
valencia,2024-03-27,20.3,8.0,14.6,20.3,5.9,13.9,5.3,54.9,0.2,100.0,8.33,rain,0.0,0.0,73.1,43.8,257.2,997.5,56.1,12.1,197.8,17.1,9,10.0,2024-03-27T06:53:10,2024-03-27T19:20:59,0.57,"Rain, Partially cloudy",Partly cloudy throughout the day with early morning rain.,rain,"08284099999,LEVC,F1683,LEBT,08014399999,08286099999",27,3,2024,2,0,13.4,0.094,59.0,13.4,14.278,95.0,13.7,0.0,75.8,15.5,0.0,76.9
valencia,2024-03-28,22.2,14.2,17.7,22.2,14.2,17.7,8.3,55.3,0.0,0.0,0.0,rain,0.0,0.0,66.3,39.3,241.5,1001.6,37.7,10.0,171.1,14.7,9,10.0,2024-03-28T06:51:35,2024-03-28T19:21:58,0.61,Partially cloudy,Partly cloudy throughout the day.,partly-cloudy-day,"LEVC,F1683,LEBT",28,3,2024,3,0,14.6,0.2,54.9,13.4,0.094,59.0,13.4,14.278,95.0,14.9,0.0,81.9
valencia,2024-03-29,25.1,12.1,16.7,25.1,12.1,16.7,8.9,62.7,1.4,100.0,16.67,rain,0.0,0.0,63.0,30.8,231.6,998.3,59.0,10.0,186.1,16.1,7,10.0,2024-03-29T06:49:59,2024-03-29T19:22:58,0.64,"Rain, Partially cloudy",Partly cloudy throughout the day with rain.,rain,"LEVC,F1683,LEBT",29,3,2024,4,0,17.7,0.0,55.3,14.6,0.2,54.9,13.4,0.094,59.0,16.0,0.0,65.3
valencia,2024-03-30,18.0,8.1,12.5,18.0,6.5,12.1,6.3,68.4,0.9,100.0,20.83,rain,0.0,0.0,35.3,19.4,214.6,997.5,38.8,9.9,178.7,15.4,8,10.0,2024-03-30T06:48:24,2024-03-30T19:23:57,0.68,"Rain, Partially cloudy",Partly cloudy throughout the day with rain.,rain,"LEVC,F1683,LEBT",30,3,2024,5,1,16.7,1.4,62.7,17.7,0.0,55.3,14.6,0.2,54.9,15.8,0.0,57.2
valencia,2024-03-31,15.7,10.2,12.5,15.7,10.2,12.5,7.2,70.9,2.8,100.0,33.33,rain,0.0,0.0,49.7,22.7,253.5,998.6,52.7,10.0,85.3,7.1,7,10.0,2024-03-31T07:46:49,2024-03-31T20:24:57,0.71,"Rain, Partially cloudy",Partly cloudy throughout the day with rain in the morning and afternoon.,rain,"LEVC,F1683,LEBT",31,3,2024,6,1,12.5,0.9,68.4,16.7,1.4,62.7,17.7,0.0,55.3,13.7,0.0,75.8
valencia,2024-04-11,21.8,8.8,15.8,21.8,8.3,15.7,4.7,49.3,1.953,100.0,4.17,rain,0.0,0.0,32.4,20.5,82.0,1028.4,16.7,12.9,270.3,23.4,9,10.0,2024-04-11T07:29:46,2024-04-11T20:35:50,0.09,Rain,Clear conditions throughout the day with morning rain.,rain,"08284099999,LEVC,F1683,LEBT,08014399999,08286099999,08290099999",11,4,2024,3,0,16.2,0.0,38.9,17.4,0.0,34.9,20.4,0.0,59.3,17.5,0.0,56.8
valencia,2024-04-19,20.0,10.5,15.3,20.0,10.5,15.3,7.5,61.9,0.195,100.0,4.17,rain,0.0,0.0,43.6,20.1,97.2,1021.1,43.6,12.4,262.7,22.7,9,10.0,2024-04-19T07:18:03,2024-04-19T20:43:46,0.35,"Rain, Partially cloudy",Partly cloudy throughout the day with morning rain.,rain,"08284099999,LEVC,F1683,LEBT,08014399999,08286099999,08290099999",19,4,2024,4,0,14.9,0.0,66.9,15.9,0.0,63.3,17.3,0.0,54.8,16.9,0.0,45.5
valencia,2024-04-22,17.5,11.4,14.7,17.5,11.4,14.7,8.2,66.6,0.0,0.0,0.0,rain,0.0,0.0,51.1,27.0,62.4,1015.0,52.7,12.4,213.4,18.4,10,10.0,2024-04-22T07:13:52,2024-04-22T20:46:44,0.45,Partially cloudy,Partly cloudy throughout the day.,partly-cloudy-day,"08284099999,LEVC,F1683,08014399999,LEBT,08286099999",22,4,2024,0,0,15.4,0.0,61.6,15.6,0.0,58.3,15.3,0.195,61.9,19.2,0.0,43.6
valencia,2024-04-25,18.9,7.9,13.9,18.9,7.9,13.9,4.5,54.4,0.195,100.0,4.17,rain,0.0,0.0,36.4,18.3,74.8,1010.2,54.1,12.6,247.3,21.4,9,10.0,2024-04-25T07:09:49,2024-04-25T20:49:43,0.55,"Rain, Partially cloudy",Partly cloudy throughout the day with late afternoon rain.,rain,"08284099999,LEVC,F1683,LEBT,08014399999,08286099999",25,4,2024,3,0,14.6,0.0,36.4,14.1,0.0,38.1,14.7,0.0,66.6,14.9,0.0,66.9
valencia,2024-04-26,21.1,10.2,15.8,21.1,10.2,15.8,10.4,71.7,0.014,100.0,4.17,rain,0.0,0.0,47.2,20.6,80.6,1006.3,66.2,11.9,266.9,23.0,10,10.0,2024-04-26T07:08:30,2024-04-26T20:50:43,0.59,"Rain, Partially cloudy",Partly cloudy throughout the day with early morning rain.,rain,"08284099999,LEVC,F1683,LEBT,08014399999,08286099999",26,4,2024,4,0,13.9,0.195,54.4,14.6,0.0,36.4,14.1,0.0,38.1,15.3,0.195,61.9
valencia,2024-04-27,22.8,12.4,16.7,22.8,12.4,16.7,9.8,65.8,0.0,0.0,0.0,rain,0.0,0.0,38.5,29.8,251.7,1003.3,53.8,12.4,199.1,17.1,9,10.0,2024-04-27T07:07:12,2024-04-27T20:51:42,0.62,Partially cloudy,Partly cloudy throughout the day.,partly-cloudy-day,"08284099999,LEVC,F1683,LEBT,08014399999,08286099999",27,4,2024,5,1,15.8,0.014,71.7,13.9,0.195,54.4,14.6,0.0,36.4,15.6,0.0,58.3
valencia,2024-04-29,15.8,13.7,14.8,15.8,13.7,14.8,11.9,82.9,7.888,100.0,33.33,rain,0.0,0.0,24.8,12.8,121.2,1014.6,69.8,10.4,74.3,6.2,3,10.0,2024-04-29T07:04:40,2024-04-29T20:53:41,0.69,"Rain, Partially cloudy",Partly cloudy throughout the day with a chance of rain throughout the day.,rain,"08284099999,LEVC,F1683,LEBT,08014399999,08286099999",29,4,2024,0,0,15.9,0.0,58.4,16.7,0.0,65.8,15.8,0.014,71.7,14.7,0.0,66.6
valencia,2024-04-30,22.8,10.2,16.5,22.8,10.2,16.5,8.2,63.0,0.0,0.0,0.0,rain,0.0,0.0,70.6,35.0,261.8,1012.4,39.7,12.6,225.3,19.4,10,10.0,2024-04-30T07:03:25,2024-04-30T20:54:40,0.73,Partially cloudy,Partly cloudy throughout the day.,partly-cloudy-day,"08284099999,LEVC,F1683,LEBT,08014399999,08286099999,F7738",30,4,2024,1,0,14.8,7.888,82.9,15.9,0.0,58.4,16.7,0.0,65.8,14.1,0.0,38.1
valencia,2024-05-01,21.0,13.7,16.9,21.0,13.7,16.9,3.7,43.6,0.8,100.0,8.33,rain,0.0,0.0,64.8,36.6,267.8,1008.3,23.8,10.0,224.1,19.3,10,10.0,2024-05-01T07:02:11,2024-05-01T20:55:39,0.75,"Rain, Partially cloudy",Partly cloudy throughout the day with afternoon rain.,rain,"LEVC,F1683,LEBT",1,5,2024,2,0,16.5,0.0,63.0,14.8,7.888,82.9,15.9,0.0,58.4,14.6,0.0,36.4
valencia,2024-05-06,28.6,17.3,21.7,27.2,17.3,21.5,9.8,49.4,0.038,100.0,8.33,rain,0.0,0.0,45.7,27.5,264.2,1010.8,64.2,13.3,248.2,21.4,10,10.0,2024-05-06T06:56:22,2024-05-06T21:00:32,0.94,"Rain, Partially cloudy",Partly cloudy throughout the day with late afternoon rain.,rain,"08284099999,LEVC,F1683,LEBT,08014399999,08286099999",6,5,2024,0,0,22.0,0.0,46.4,20.6,0.0,45.5,17.7,0.0,36.8,14.8,7.888,82.9
valencia,2024-05-11,25.0,11.9,19.0,25.0,11.9,19.0,7.7,50.5,0.0,0.0,0.0,rain,0.0,0.0,31.0,21.1,85.4,1017.8,43.4,13.3,297.1,25.7,10,10.0,2024-05-11T06:51:07,2024-05-11T21:05:20,0.11,Partially cloudy,Partly cloudy throughout the day.,partly-cloudy-day,"08284099999,LEVC,F1683,LEBT,08014399999,08286099999",11,5,2024,5,1,19.3,0.0,48.7,18.8,0.0,50.2,18.8,0.0,43.6,20.6,0.0,45.5
valencia,2024-05-13,25.7,15.5,20.5,25.7,15.5,20.5,11.7,58.5,0.0,0.0,0.0,rain,0.0,0.0,34.9,20.6,89.6,1012.4,53.2,12.8,266.3,23.0,9,10.0,2024-05-13T06:49:11,2024-05-13T21:07:12,0.17,Partially cloudy,Partly cloudy throughout the day.,partly-cloudy-day,"08284099999,LEVC,F1683,LEBT,08014399999,08286099999",13,5,2024,0,0,19.6,0.0,59.6,19.0,0.0,50.5,19.3,0.0,48.7,21.7,0.038,49.4
valencia,2024-05-14,27.5,15.8,20.6,26.6,15.8,20.5,12.5,63.0,0.005,100.0,4.17,rain,0.0,0.0,44.6,25.5,89.1,1004.9,33.2,13.0,259.3,22.4,10,10.0,2024-05-14T06:48:15,2024-05-14T21:08:08,0.2,"Rain, Partially cloudy",Partly cloudy throughout the day with morning rain.,rain,"08284099999,LEVC,F1683,LEBT,08014399999,08286099999",14,5,2024,1,0,20.5,0.0,58.5,19.6,0.0,59.6,19.0,0.0,50.5,18.8,0.0,57.3
valencia,2024-05-19,24.1,17.4,19.9,24.1,17.4,19.9,14.2,70.8,0.0,0.0,0.0,rain,0.0,0.0,31.3,21.7,88.5,1009.9,64.9,11.6,285.5,24.7,10,10.0,2024-05-19T06:44:00,2024-05-19T21:12:40,0.37,Partially cloudy,Partly cloudy throughout the day.,partly-cloudy-day,"08284099999,LEVC,F1683,LEBT,08014399999,08286099999,F7738",19,5,2024,6,1,19.7,0.0,68.7,21.0,0.0,40.5,19.6,0.0,46.4,19.6,0.0,59.6
valencia,2024-05-20,25.2,16.9,20.1,25.2,16.9,20.1,13.6,67.7,0.0,0.0,0.0,rain,0.0,0.0,41.4,24.9,77.6,1010.0,57.6,12.2,244.1,21.2,10,10.0,2024-05-20T06:43:14,2024-05-20T21:13:32,0.4,Partially cloudy,Partly cloudy throughout the day.,partly-cloudy-day,"08284099999,LEVC,F1683,LEBT,08014399999,08286099999",20,5,2024,0,0,19.9,0.0,70.8,19.7,0.0,68.7,21.0,0.0,40.5,20.5,0.0,58.5
valencia,2024-05-21,27.0,14.0,20.0,26.2,14.0,20.0,11.9,62.8,0.005,100.0,4.17,rain,0.0,0.0,36.7,29.1,48.0,1012.9,30.0,13.0,235.5,20.3,8,10.0,2024-05-21T06:42:29,2024-05-21T21:14:24,0.43,"Rain, Partially cloudy",Partly cloudy throughout the day with late afternoon rain.,rain,"08284099999,LEVC,F1683,LEBT,08014399999,08286099999,08290099999",21,5,2024,1,0,20.1,0.0,67.7,19.9,0.0,70.8,19.7,0.0,68.7,20.6,0.005,63.0
valencia,2024-05-22,24.6,13.2,19.6,24.6,13.2,19.6,9.7,54.2,0.047,100.0,4.17,rain,0.0,0.0,43.6,23.6,74.1,1016.2,17.8,13.3,317.7,27.5,10,10.0,2024-05-22T06:41:47,2024-05-22T21:15:15,0.46,Rain,Clear conditions throughout the day with early morning rain.,rain,"08284099999,LEVC,F1683,LEBT,08014399999,08286099999",22,5,2024,2,0,20.0,0.005,62.8,20.1,0.0,67.7,19.9,0.0,70.8,17.9,0.0,66.8
valencia,2024-05-27,24.5,19.3,21.9,24.5,19.3,21.9,16.4,72.0,0.0,0.0,0.0,rain,0.0,0.0,41.4,21.9,79.7,1017.3,53.7,11.5,216.1,18.7,8,10.0,2024-05-27T06:38:40,2024-05-27T21:19:19,0.64,Partially cloudy,Partly cloudy throughout the day.,partly-cloudy-day,"08284099999,LEVC,F1683,LEBT,08014399999,08286099999",27,5,2024,0,0,20.7,0.0,71.9,20.2,0.0,72.6,20.0,0.0,71.3,20.1,0.0,67.7
valencia,2024-05-31,22.7,17.5,20.4,22.7,17.5,20.4,14.0,67.2,3.008,100.0,20.83,rain,0.0,0.0,35.3,17.9,107.6,1013.5,54.8,11.7,161.5,14.0,7,10.0,2024-05-31T06:36:44,2024-05-31T21:22:18,0.78,"Rain, Partially cloudy",Partly cloudy throughout the day with a chance of rain throughout the day.,rain,"08284099999,LEVC,F1683,LEBT,08014399999,08286099999",31,5,2024,4,0,23.5,0.0,57.9,22.3,0.0,60.5,21.5,0.0,66.3,20.0,0.0,71.3
valencia,2024-06-01,24.3,18.1,21.2,24.3,18.1,21.2,14.0,65.1,0.029,100.0,8.33,rain,0.0,0.0,26.6,22.5,123.4,1016.0,50.0,11.8,262.4,22.7,9,10.0,2024-06-01T06:36:19,2024-06-01T21:23:00,0.82,"Rain, Partially cloudy",Partly cloudy throughout the day with morning rain.,rain,"08284099999,LEVC,F1683,LEBT,08014399999,08286099999",1,6,2024,5,1,20.4,3.008,67.2,23.5,0.0,57.9,22.3,0.0,60.5,20.2,0.0,72.6
valencia,2024-06-04,26.4,15.6,22.0,26.4,15.6,22.0,13.4,59.7,0.098,100.0,4.17,rain,0.0,0.0,38.2,25.5,87.2,1014.6,23.1,13.2,276.1,23.9,10,10.0,2024-06-04T06:35:17,2024-06-04T21:24:59,0.92,"Rain, Partially cloudy",Partly cloudy throughout the day with late afternoon rain.,rain,"08284099999,LEVC,F1683,LEBT,08014399999,08286099999",4,6,2024,1,0,21.4,0.0,62.8,21.1,0.0,62.9,21.2,0.029,65.1,21.5,0.0,66.3
valencia,2024-06-08,28.9,18.6,23.9,28.6,18.6,23.9,15.4,60.5,1.953,100.0,4.17,rain,0.0,0.0,76.3,48.9,95.5,1009.3,43.8,12.0,282.0,24.3,9,10.0,2024-06-08T06:34:21,2024-06-08T21:27:21,0.06,"Rain, Partially cloudy",Partly cloudy throughout the day with late afternoon rain.,rain,"08284099999,LEVC,F1683,LEBT,08014399999,08286099999",8,6,2024,5,1,24.4,0.0,42.3,23.6,0.0,59.0,22.3,0.0,67.5,21.2,0.029,65.1
valencia,2024-06-09,30.3,19.4,24.1,29.6,19.4,24.0,14.1,55.3,0.298,100.0,8.33,rain,0.0,0.0,81.7,26.3,281.6,1006.6,53.0,13.2,261.7,22.5,9,10.0,2024-06-09T06:34:12,2024-06-09T21:27:52,0.09,"Rain, Partially cloudy",Partly cloudy throughout the day with early morning rain.,rain,"08284099999,LEVC,F1683,LEBT,08014399999,08286099999",9,6,2024,6,1,23.9,1.953,60.5,24.4,0.0,42.3,23.6,0.0,59.0,21.1,0.0,62.9
valencia,2024-06-10,25.9,18.2,21.8,25.9,18.2,21.8,15.2,68.0,1.953,100.0,4.17,rain,0.0,0.0,32.0,21.1,89.6,1011.1,33.9,12.1,257.4,22.3,10,10.0,2024-06-10T06:34:05,2024-06-10T21:28:23,0.13,"Rain, Partially cloudy",Partly cloudy throughout the day with late afternoon rain.,rain,"08284099999,LEVC,F1683,LEBT,08014399999,08286099999",10,6,2024,0,0,24.1,0.298,55.3,23.9,1.953,60.5,24.4,0.0,42.3,21.4,0.0,62.8
valencia,2024-06-11,21.6,16.0,18.4,21.6,16.0,18.4,16.0,85.8,4.029,100.0,20.83,rain,0.0,0.0,28.1,19.0,56.5,1014.2,66.4,10.4,143.9,12.6,8,10.0,2024-06-11T06:33:59,2024-06-11T21:28:52,0.16,"Rain, Partially cloudy",Partly cloudy throughout the day with rain in the morning and afternoon.,rain,"08284099999,LEVC,F1683,LEBT,08014399999,08286099999",11,6,2024,1,0,21.8,1.953,68.0,24.1,0.298,55.3,23.9,1.953,60.5,22.0,0.098,59.7
valencia,2024-06-12,20.9,16.0,18.4,20.9,16.0,18.4,15.0,81.5,12.808,100.0,20.83,rain,0.0,0.0,34.2,15.2,2.2,1017.5,66.1,10.6,106.3,9.2,4,10.0,2024-06-12T06:33:56,2024-06-12T21:29:19,0.19,"Rain, Partially cloudy",Partly cloudy throughout the day with afternoon rain.,rain,"08284099999,LEVC,F1683,LEBT,08014399999,08286099999",12,6,2024,2,0,18.4,4.029,85.8,21.8,1.953,68.0,24.1,0.298,55.3,22.3,0.0,67.5
valencia,2024-06-20,30.7,21.1,25.8,28.8,21.1,25.2,11.9,47.1,0.0,0.0,0.0,rain,0.0,0.0,40.7,27.3,266.1,1012.8,32.5,13.1,324.3,28.1,10,10.0,2024-06-20T06:34:33,2024-06-20T21:31:59,0.45,Partially cloudy,Clearing in the afternoon.,partly-cloudy-day,"08284099999,LEVC,F1683,LEBT,08014399999,08286099999",20,6,2024,3,0,25.5,0.0,55.2,23.7,0.0,73.6,23.7,0.0,72.5,19.8,0.0,75.5
valencia,2024-06-24,27.4,21.6,23.8,28.0,21.6,23.9,17.2,67.1,0.0,0.0,0.0,rain,0.0,0.0,35.3,22.5,89.7,1013.9,55.5,12.4,274.9,23.8,10,10.0,2024-06-24T06:35:34,2024-06-24T21:32:37,0.59,Partially cloudy,Partly cloudy throughout the day.,partly-cloudy-day,"08284099999,LEVC,F1683,LEBT,08014399999,08286099999",24,6,2024,0,0,24.1,0.0,60.8,24.7,0.0,52.6,23.7,0.0,56.0,23.7,0.0,72.5
valencia,2024-06-28,28.5,21.3,24.7,29.8,21.3,25.0,19.6,74.6,0.976,100.0,4.17,rain,0.0,0.0,34.2,22.0,74.8,1013.0,53.1,11.1,234.7,20.2,10,10.0,2024-06-28T06:37:02,2024-06-28T21:32:46,0.75,"Rain, Partially cloudy",Partly cloudy throughout the day with late afternoon rain.,rain,"08284099999,LEVC,F1683,LEBT,08014399999,08286099999",28,6,2024,4,0,25.0,0.0,63.0,24.6,0.0,62.0,24.4,0.0,65.6,23.7,0.0,56.0
valencia,2024-06-29,31.7,20.3,25.7,31.2,20.3,25.6,15.4,55.8,0.898,100.0,8.33,rain,0.0,0.0,50.8,39.7,268.0,1011.5,32.4,13.2,318.0,27.6,10,30.0,2024-06-29T06:37:27,2024-06-29T21:32:43,0.76,"Rain, Partially cloudy",Partly cloudy throughout the day with early morning rain.,rain,"08284099999,LEVC,F1683,LEBT,08014399999,08286099999",29,6,2024,5,1,24.7,0.976,74.6,25.0,0.0,63.0,24.6,0.0,62.0,24.7,0.0,52.6
valencia,2024-07-01,28.2,18.9,23.9,28.6,18.9,24.0,18.5,73.1,8.078,100.0,16.67,rain,0.0,0.0,33.5,23.4,86.6,1016.1,42.2,12.7,252.8,21.8,10,30.0,2024-07-01T06:38:23,2024-07-01T21:32:32,0.84,"Rain, Partially cloudy",Partly cloudy throughout the day with morning rain.,rain,"08284099999,LEVC,F1683,LEBT,08014399999,08286099999",1,7,2024,0,0,26.1,0.0,61.4,25.7,0.898,55.8,24.7,0.976,74.6,23.8,0.0,67.1
valencia,2024-07-07,27.9,21.5,24.4,29.1,21.5,24.6,18.5,70.0,0.095,100.0,8.33,rain,0.0,0.0,35.3,17.6,82.5,1013.2,70.9,12.0,224.4,19.3,10,10.0,2024-07-07T06:41:43,2024-07-07T21:31:12,0.05,"Rain, Partially cloudy",Partly cloudy throughout the day with early morning rain.,rain,"08284099999,LEVC,F1683,LEBT,08014399999,08286099999",7,7,2024,6,1,25.3,0.0,65.6,25.1,0.0,66.0,24.5,0.0,61.8,26.1,0.0,61.4
valencia,2024-07-08,29.1,23.2,25.5,30.8,23.2,26.1,20.2,73.1,0.0,0.0,0.0,rain,0.0,0.0,31.3,20.6,97.8,1014.8,63.3,11.8,260.9,22.4,10,10.0,2024-07-08T06:42:20,2024-07-08T21:30:52,0.08,Partially cloudy,Partly cloudy throughout the day.,partly-cloudy-day,"08284099999,LEVC,F1683,LEBT,08014399999,08286099999",8,7,2024,0,0,24.4,0.095,70.0,25.3,0.0,65.6,25.1,0.0,66.0,23.9,8.078,73.1
valencia,2024-07-13,27.6,24.1,25.5,30.2,24.1,26.0,21.6,79.0,5.836,100.0,20.83,rain,0.0,0.0,33.8,19.8,79.5,1012.5,73.8,10.8,173.1,14.9,8,10.0,2024-07-13T06:45:45,2024-07-13T21:28:42,0.24,"Rain, Partially cloudy",Partly cloudy throughout the day with rain in the morning and afternoon.,rain,"08284099999,LEVC,F1683,LEBT,08014399999,08286099999,08290099999",13,7,2024,5,1,26.9,0.0,71.7,27.1,0.0,72.5,26.7,0.0,68.3,25.3,0.0,65.6
valencia,2024-07-14,31.5,23.2,27.4,34.9,23.2,28.6,21.0,69.6,0.0,0.0,0.0,rain,0.0,0.0,40.0,21.3,88.5,1011.7,45.3,12.2,315.0,27.2,10,10.0,2024-07-14T06:46:28,2024-07-14T21:28:10,0.25,Partially cloudy,Partly cloudy throughout the day.,partly-cloudy-day,"08284099999,LEVC,F1683,LEBT,08014399999,08286099999,08290099999",14,7,2024,6,1,25.5,5.836,79.0,26.9,0.0,71.7,27.1,0.0,72.5,24.4,0.095,70.0
valencia,2024-07-17,30.2,24.6,26.9,32.6,24.6,27.9,21.0,71.0,0.0,0.0,0.0,rain,0.0,0.0,38.2,22.2,72.2,1017.6,53.7,11.8,283.5,24.6,9,5.0,2024-07-17T06:48:45,2024-07-17T21:26:24,0.37,Partially cloudy,Partly cloudy throughout the day.,partly-cloudy-day,"08284099999,LEVC,F1683,LEBT,08014399999,08286099999,08290099999",17,7,2024,2,0,27.1,0.0,72.4,27.9,0.0,68.2,27.4,0.0,69.6,26.7,0.0,68.3
valencia,2024-08-02,32.1,23.0,27.8,36.4,23.0,29.3,20.2,64.0,0.177,100.0,4.17,rain,0.0,0.0,53.9,28.1,71.1,1010.2,30.3,12.0,271.5,23.5,9,30.0,2024-08-02T07:02:25,2024-08-02T21:12:37,0.93,"Rain, Partially cloudy",Partly cloudy throughout the day with late afternoon rain.,rain,"08284099999,LEVC,F1683,LEBT,08014399999,08286099999,08290099999",2,8,2024,4,0,28.8,0.0,64.0,29.0,0.0,47.6,29.2,0.0,41.5,27.4,0.0,67.8
valencia,2024-08-13,33.1,24.3,28.0,37.5,24.3,29.7,20.9,66.1,0.287,100.0,8.33,rain,0.0,0.0,42.5,27.0,59.4,1009.7,52.0,12.0,208.1,17.9,9,75.0,2024-08-13T07:12:33,2024-08-13T20:59:30,0.29,"Rain, Partially cloudy",Partly cloudy throughout the day with late afternoon rain.,rain,"08284099999,LEVC,F1683,LEBT,08014399999,08286099999,08290099999",13,8,2024,1,0,27.8,0.0,66.4,28.3,0.0,58.1,28.6,0.0,57.1,28.3,0.0,70.4
valencia,2024-08-14,31.1,22.5,25.6,31.0,22.5,25.7,18.6,66.4,2.439,100.0,16.67,rain,0.0,0.0,26.3,16.0,334.6,1011.6,49.8,12.0,164.9,14.3,9,60.0,2024-08-14T07:13:29,2024-08-14T20:58:11,0.33,"Rain, Partially cloudy",Partly cloudy throughout the day with rain.,rain,"08284099999,LEVC,F1683,LEBT,08014399999,08286099999,08290099999",14,8,2024,2,0,28.0,0.287,66.1,27.8,0.0,66.4,28.3,0.0,58.1,28.0,0.0,63.9
valencia,2024-08-15,30.0,20.2,25.0,29.4,20.2,24.9,15.8,59.1,0.123,100.0,4.17,rain,0.0,0.0,31.7,21.4,42.5,1015.6,24.8,13.3,284.7,24.5,9,10.0,2024-08-15T07:14:25,2024-08-15T20:56:51,0.36,"Rain, Partially cloudy",Partly cloudy throughout the day with morning rain.,rain,"08284099999,LEVC,F1683,LEBT,08014399999,08286099999,08290099999",15,8,2024,3,0,25.6,2.439,66.4,28.0,0.287,66.1,27.8,0.0,66.4,27.6,0.0,62.7
valencia,2024-08-25,29.9,23.6,26.4,32.5,23.6,27.4,20.9,72.3,0.0,0.0,0.0,rain,0.0,0.0,46.1,23.7,54.4,1016.5,65.3,11.4,206.0,18.0,8,60.0,2024-08-25T07:23:41,2024-08-25T20:42:42,0.7,Partially cloudy,Partly cloudy throughout the day.,partly-cloudy-day,"08284099999,LEVC,F1683,LEBT,08014399999,08286099999,08290099999",25,8,2024,6,1,27.1,0.0,70.1,27.7,0.0,74.0,27.4,0.0,69.6,27.8,0.0,56.9
valencia,2024-08-26,30.4,22.5,26.1,30.8,22.5,26.6,19.2,66.8,0.0,0.0,0.0,rain,0.0,0.0,28.1,15.6,76.3,1017.1,43.2,12.0,230.8,20.0,9,10.0,2024-08-26T07:24:37,2024-08-26T20:41:12,0.75,Partially cloudy,Partly cloudy throughout the day.,partly-cloudy-day,"08284099999,LEVC,F1683,LEBT,08014399999,08286099999,08290099999",26,8,2024,0,0,26.4,0.0,72.3,27.1,0.0,70.1,27.7,0.0,74.0,27.1,0.0,59.0
valencia,2024-08-31,30.8,23.1,26.7,32.6,23.1,27.6,20.7,70.6,0.025,100.0,4.17,rain,0.0,0.0,33.5,20.6,60.8,1015.1,40.0,12.3,223.0,19.3,8,30.0,2024-08-31T07:29:13,2024-08-31T20:33:35,0.91,"Rain, Partially cloudy",Partly cloudy throughout the day with morning rain.,rain,"08284099999,LEVC,F1683,LEBT,08014399999,08286099999,08290099999",31,8,2024,5,1,26.7,0.0,71.2,26.7,0.0,70.8,27.3,0.0,72.1,27.1,0.0,70.1
valencia,2024-09-01,31.3,23.1,26.2,33.5,23.1,26.8,20.7,73.0,0.741,100.0,12.5,rain,0.0,0.0,31.3,22.4,33.3,1013.1,60.9,11.6,195.0,16.8,8,30.0,2024-09-01T07:30:08,2024-09-01T20:32:02,0.94,"Rain, Partially cloudy",Partly cloudy throughout the day with late afternoon rain.,rain,"08284099999,LEVC,F1683,LEBT,08014399999,08286099999,08290099999",1,9,2024,6,1,26.7,0.025,70.6,26.7,0.0,71.2,26.7,0.0,70.8,26.4,0.0,72.3
valencia,2024-09-02,28.7,23.3,25.5,30.0,23.3,25.9,20.3,74.0,0.0,0.0,0.0,rain,0.0,0.0,24.1,14.7,51.7,1012.9,67.6,11.9,94.7,8.0,3,30.0,2024-09-02T07:31:04,2024-09-02T20:30:28,0.98,Partially cloudy,Partly cloudy throughout the day.,partly-cloudy-day,"08284099999,LEVC,F1683,LEBT,08014399999,08286099999,08290099999",2,9,2024,0,0,26.2,0.741,73.0,26.7,0.025,70.6,26.7,0.0,71.2,26.1,0.0,66.8
valencia,2024-09-03,28.6,22.4,25.0,31.2,22.4,25.4,20.6,77.0,0.114,100.0,20.83,rain,0.0,0.0,38.9,31.7,55.7,1013.1,70.5,11.1,130.6,11.4,6,60.0,2024-09-03T07:31:59,2024-09-03T20:28:54,0.0,"Rain, Partially cloudy",Partly cloudy throughout the day with rain.,rain,"08284099999,LEVC,F1683,LEBT,08014399999,08286099999,08290099999",3,9,2024,1,0,25.5,0.0,74.0,26.2,0.741,73.0,26.7,0.025,70.6,26.8,0.0,69.6
valencia,2024-09-04,24.6,19.2,22.6,24.6,19.2,22.6,18.9,80.3,16.415,100.0,29.17,rain,0.0,0.0,42.5,15.8,20.6,1013.6,70.5,11.4,111.4,9.3,6,30.0,2024-09-04T07:32:54,2024-09-04T20:27:19,0.04,"Rain, Partially cloudy",Partly cloudy throughout the day with rain in the morning and afternoon.,rain,"08284099999,LEVC,F1683,LEBT,08014399999,08286099999,08290099999",4,9,2024,2,0,25.0,0.114,77.0,25.5,0.0,74.0,26.2,0.741,73.0,27.3,0.0,72.1
valencia,2024-09-05,26.3,17.3,22.0,26.3,17.3,22.0,16.5,72.6,1.236,100.0,12.5,rain,0.0,0.0,31.0,20.6,92.5,1011.3,51.2,12.9,148.3,12.8,5,10.0,2024-09-05T07:33:49,2024-09-05T20:25:44,0.08,"Rain, Partially cloudy",Partly cloudy throughout the day with rain.,rain,"08284099999,LEVC,F1683,LEBT,08014399999,08286099999,08290099999",5,9,2024,3,0,22.6,16.415,80.3,25.0,0.114,77.0,25.5,0.0,74.0,26.7,0.0,70.8
valencia,2024-09-06,30.5,20.3,25.0,31.3,20.3,25.4,19.5,73.9,0.141,100.0,12.5,rain,0.0,0.0,31.7,24.2,99.4,1006.2,44.0,13.3,241.3,20.9,8,30.0,2024-09-06T07:34:44,2024-09-06T20:24:09,0.11,"Rain, Partially cloudy",Clearing in the afternoon with early morning rain.,rain,"08284099999,LEVC,F1683,LEBT,08014399999,08286099999,08290099999",6,9,2024,4,0,22.0,1.236,72.6,22.6,16.415,80.3,25.0,0.114,77.0,26.7,0.0,71.2
valencia,2024-09-08,33.9,19.8,26.3,31.9,19.8,25.8,14.5,55.1,0.746,100.0,20.83,rain,0.0,0.0,46.4,26.7,265.3,1010.0,21.3,13.2,211.6,18.2,8,10.0,2024-09-08T07:36:34,2024-09-08T20:20:57,0.18,"Rain, Partially cloudy",Partly cloudy throughout the day with rain clearing later.,rain,"08284099999,LEVC,F1683,LEBT,08014399999,08286099999,08290099999",8,9,2024,6,1,26.2,0.0,60.8,25.0,0.141,73.9,22.0,1.236,72.6,26.2,0.741,73.0
valencia,2024-09-12,31.8,20.2,25.1,30.8,20.2,24.9,16.2,61.5,0.012,100.0,4.17,rain,0.0,0.0,35.6,23.3,49.4,1013.4,42.2,13.3,223.8,19.1,8,10.0,2024-09-12T07:40:13,2024-09-12T20:14:29,0.31,"Rain, Partially cloudy",Partly cloudy throughout the day with morning rain.,rain,"08284099999,LEVC,F1683,LEBT,08014399999,08286099999,08290099999",12,9,2024,3,0,23.8,0.0,71.3,23.5,0.0,69.1,25.3,0.0,54.8,22.0,1.236,72.6
valencia,2024-09-13,24.5,19.8,22.1,24.5,19.8,22.1,11.0,51.1,0.52,100.0,4.17,rain,0.0,0.0,27.4,21.4,63.0,1019.0,50.8,11.9,187.8,16.1,8,10.0,2024-09-13T07:41:08,2024-09-13T20:12:51,0.34,"Rain, Partially cloudy",Partly cloudy throughout the day with morning rain.,rain,"08284099999,LEVC,F1683,LEBT,08014399999,08286099999,08290099999",13,9,2024,4,0,25.1,0.012,61.5,23.8,0.0,71.3,23.5,0.0,69.1,25.0,0.141,73.9
valencia,2024-09-17,26.5,14.9,21.5,26.5,14.9,21.5,13.7,63.3,0.0,0.0,0.0,rain,0.0,0.0,24.8,16.6,93.5,1013.1,23.5,13.7,218.7,18.8,7,10.0,2024-09-17T07:44:49,2024-09-17T20:06:20,0.48,Partially cloudy,Partly cloudy throughout the day.,partly-cloudy-day,"08284099999,LEVC,F1683,LEBT,08014399999,08286099999,08290099999",17,9,2024,1,0,21.9,0.0,60.3,21.8,0.0,62.2,20.5,0.0,59.3,23.5,0.0,69.1
valencia,2024-09-18,24.0,19.5,21.3,24.0,19.5,21.3,16.2,73.2,0.008,100.0,8.33,rain,0.0,0.0,29.5,18.1,78.3,1014.5,60.8,12.5,137.1,11.8,5,10.0,2024-09-18T07:45:45,2024-09-18T20:04:42,0.5,"Rain, Partially cloudy",Partly cloudy throughout the day with rain clearing later.,rain,"08284099999,LEVC,F1683,LEBT,08014399999,08286099999,08290099999",18,9,2024,2,0,21.5,0.0,63.3,21.9,0.0,60.3,21.8,0.0,62.2,23.8,0.0,71.3
valencia,2024-09-19,24.8,19.2,20.7,24.8,19.2,20.7,17.3,81.6,6.566,100.0,33.33,rain,0.0,0.0,32.0,21.5,71.0,1014.7,77.3,11.5,112.5,9.7,7,10.0,2024-09-19T07:46:40,2024-09-19T20:03:04,0.54,"Rain, Partially cloudy",Partly cloudy throughout the day with rain.,rain,"08284099999,LEVC,F1683,LEBT,08014399999,08286099999,08290099999",19,9,2024,3,0,21.3,0.008,73.2,21.5,0.0,63.3,21.9,0.0,60.3,25.1,0.012,61.5
valencia,2024-09-20,24.9,17.7,21.1,24.9,17.7,21.1,17.5,81.2,0.033,100.0,8.33,rain,0.0,0.0,23.8,15.4,54.4,1015.2,65.6,12.6,206.8,18.1,8,10.0,2024-09-20T07:47:36,2024-09-20T20:01:26,0.58,"Rain, Partially cloudy",Partly cloudy throughout the day with rain.,rain,"08284099999,LEVC,F1683,LEBT,08014399999,08286099999,08290099999",20,9,2024,4,0,20.7,6.566,81.6,21.3,0.008,73.2,21.5,0.0,63.3,22.1,0.52,51.1
valencia,2024-09-21,22.3,19.1,20.7,22.3,19.1,20.7,18.6,87.9,12.238,100.0,45.83,rain,0.0,0.0,20.9,14.5,58.2,1014.6,83.9,10.2,67.7,5.8,5,30.0,2024-09-21T07:48:31,2024-09-21T19:59:48,0.61,"Rain, Partially cloudy",Partly cloudy throughout the day with a chance of rain throughout the day.,rain,"08284099999,LEVC,F1683,LEBT,08014399999,08286099999,08290099999",21,9,2024,5,1,21.1,0.033,81.2,20.7,6.566,81.6,21.3,0.008,73.2,20.5,0.0,59.3
valencia,2024-09-22,28.8,18.9,22.6,29.0,18.9,22.7,18.6,80.2,0.815,100.0,25.0,rain,0.0,0.0,24.8,17.0,43.0,1013.8,52.1,12.2,183.7,15.5,8,10.0,2024-09-22T07:49:27,2024-09-22T19:58:10,0.65,"Rain, Partially cloudy",Partly cloudy throughout the day with rain clearing later.,rain,"08284099999,LEVC,F1683,LEBT,08014399999,08286099999,08290099999",22,9,2024,6,1,20.7,12.238,87.9,21.1,0.033,81.2,20.7,6.566,81.6,21.8,0.0,62.2
valencia,2024-09-23,27.0,18.9,22.4,27.2,18.9,22.4,18.0,77.7,0.488,100.0,4.17,rain,0.0,0.0,25.9,21.4,70.5,1013.4,34.6,11.9,192.2,16.6,7,10.0,2024-09-23T07:50:23,2024-09-23T19:56:32,0.68,"Rain, Partially cloudy",Partly cloudy throughout the day with early morning rain.,rain,"08284099999,LEVC,F1683,LEBT,08014399999,08286099999,08290099999",23,9,2024,0,0,22.6,0.815,80.2,20.7,12.238,87.9,21.1,0.033,81.2,21.9,0.0,60.3
valencia,2024-10-07,28.7,19.4,24.0,29.5,19.4,24.2,14.8,57.3,0.0,0.0,0.0,rain,0.0,0.0,54.4,34.8,22.5,1006.3,67.9,12.4,134.7,11.8,5,10.0,2024-10-07T08:03:46,2024-10-07T19:34:07,0.16,Partially cloudy,Partly cloudy throughout the day.,partly-cloudy-day,"08284099999,LEVC,F1683,LEBT,08014399999,08286099999,08290099999",7,10,2024,0,0,25.5,0.0,51.2,19.8,0.0,64.3,19.1,0.0,57.8,20.9,0.0,71.4
valencia,2024-10-08,25.1,17.7,21.7,25.1,17.7,21.7,11.1,52.2,0.645,100.0,8.33,rain,0.0,0.0,54.4,31.2,263.4,1009.2,42.0,14.3,91.9,7.9,4,10.0,2024-10-08T08:04:45,2024-10-08T19:32:34,0.19,"Rain, Partially cloudy",Partly cloudy throughout the day with early morning rain.,rain,"08284099999,LEVC,F1683,LEBT,08014399999,08286099999,08290099999",8,10,2024,1,0,24.0,0.0,57.3,25.5,0.0,51.2,19.8,0.0,64.3,20.7,0.0,73.1
valencia,2024-10-12,26.1,16.6,20.7,26.1,16.6,20.7,14.4,68.4,0.0,0.0,0.0,rain,0.0,0.0,15.1,15.8,241.2,1013.8,55.9,12.7,136.9,11.6,5,10.0,2024-10-12T08:08:45,2024-10-12T19:26:28,0.33,Partially cloudy,Partly cloudy throughout the day.,partly-cloudy-day,"08284099999,LEVC,F1683,LEBT,08014399999,08286099999",12,10,2024,5,1,19.5,0.0,51.5,22.2,0.0,45.5,23.9,0.0,48.4,19.8,0.0,64.3
valencia,2024-10-14,26.5,18.6,22.1,26.5,18.6,22.1,18.0,78.2,0.0,0.0,0.0,rain,0.0,0.0,24.8,16.2,58.1,1016.8,54.2,11.4,126.5,10.9,6,10.0,2024-10-14T08:10:47,2024-10-14T19:23:30,0.4,Partially cloudy,Partly cloudy throughout the day.,partly-cloudy-day,"08284099999,LEVC,F1683,LEBT,08014399999,08286099999,F7738",14,10,2024,0,0,21.3,0.0,70.7,20.7,0.0,68.4,19.5,0.0,51.5,24.0,0.0,57.3
valencia,2024-10-15,26.0,17.6,21.7,26.0,17.6,21.7,18.7,83.9,10.838,100.0,20.83,rain,0.0,0.0,34.6,32.0,80.9,1011.2,64.5,10.2,148.0,12.6,6,30.0,2024-10-15T08:11:49,2024-10-15T19:22:02,0.43,"Rain, Partially cloudy",Partly cloudy throughout the day with rain.,rain,"08284099999,LEVC,F1683,LEBT,08014399999,08286099999",15,10,2024,1,0,22.1,0.0,78.2,21.3,0.0,70.7,20.7,0.0,68.4,21.7,0.645,52.2
valencia,2024-10-16,26.7,15.6,20.2,27.4,15.6,20.2,16.7,82.0,0.293,100.0,4.17,rain,0.0,0.0,31.7,9.4,285.1,1010.1,43.2,12.3,162.8,14.0,6,10.0,2024-10-16T08:12:51,2024-10-16T19:20:34,0.46,"Rain, Partially cloudy",Partly cloudy throughout the day with afternoon rain.,rain,"08284099999,LEVC,F1683,LEBT,08014399999,08286099999",16,10,2024,2,0,21.7,10.838,83.9,22.1,0.0,78.2,21.3,0.0,70.7,23.9,0.0,48.4
valencia,2024-10-17,22.9,16.2,19.9,22.9,16.2,19.9,11.8,61.2,0.024,100.0,4.17,rain,0.0,0.0,62.9,39.8,265.4,1013.2,38.1,12.8,159.8,13.9,6,10.0,2024-10-17T08:13:53,2024-10-17T19:19:08,0.5,"Rain, Partially cloudy",Partly cloudy throughout the day with morning rain.,rain,"08284099999,LEVC,F1683,LEBT,08014399999,08286099999",17,10,2024,3,0,20.2,0.293,82.0,21.7,10.838,83.9,22.1,0.0,78.2,22.2,0.0,45.5
valencia,2024-10-22,24.1,15.4,19.7,24.1,15.4,19.7,15.2,76.8,0.61,100.0,8.33,rain,0.0,0.0,36.4,24.1,32.8,1025.5,57.5,11.9,127.8,10.9,6,10.0,2024-10-22T08:19:09,2024-10-22T19:12:09,0.66,"Rain, Partially cloudy",Partly cloudy throughout the day with late afternoon rain.,rain,"08284099999,LEVC,F1683,LEBT,08014399999,08286099999",22,10,2024,1,0,19.2,0.0,76.8,19.8,0.0,68.2,18.9,0.0,58.5,21.7,10.838,83.9
valencia,2024-10-23,20.3,17.7,19.1,20.3,17.7,19.1,16.1,83.0,2.875,100.0,54.17,rain,0.0,0.1,26.3,18.7,39.7,1026.8,73.3,11.4,75.2,6.3,3,10.0,2024-10-23T08:20:13,2024-10-23T19:10:49,0.7,"Rain, Partially cloudy",Partly cloudy throughout the day with a chance of rain throughout the day.,rain,"08284099999,LEVC,F1683,LEBT,08014399999,08286099999",23,10,2024,2,0,19.7,0.61,76.8,19.2,0.0,76.8,19.8,0.0,68.2,20.2,0.293,82.0
valencia,2024-10-25,21.8,13.8,17.7,21.8,13.8,17.7,14.9,84.2,2.263,100.0,16.67,rain,0.0,0.0,26.6,13.7,346.9,1017.9,60.0,10.9,101.5,8.8,6,10.0,2024-10-25T08:22:22,2024-10-25T19:08:10,0.76,"Rain, Partially cloudy",Partly cloudy throughout the day with rain.,rain,"08284099999,LEVC,F1683,LEBT,08014399999,08286099999",25,10,2024,4,0,18.6,0.0,81.4,19.1,2.875,83.0,19.7,0.61,76.8,18.7,0.0,48.4
valencia,2024-10-26,20.6,13.3,16.3,20.6,13.3,16.3,9.7,69.1,14.427,100.0,41.67,rain,0.0,0.0,50.0,27.1,260.0,1013.5,39.0,11.8,157.4,13.6,6,10.0,2024-10-26T08:23:27,2024-10-26T19:06:53,0.8,"Rain, Partially cloudy",Partly cloudy throughout the day with rain.,rain,"08284099999,LEVC,F1683,LEBT,08014399999,08286099999",26,10,2024,5,1,17.7,2.263,84.2,18.6,0.0,81.4,19.1,2.875,83.0,18.9,0.0,58.5
valencia,2024-10-27,16.2,11.9,13.2,16.2,11.9,13.2,9.7,80.0,6.351,100.0,75.0,rain,0.0,0.0,32.0,10.0,312.8,1016.5,74.5,12.9,58.1,5.2,3,10.0,2024-10-27T07:24:33,2024-10-27T18:05:37,0.83,"Rain, Partially cloudy",Partly cloudy throughout the day with a chance of rain throughout the day.,rain,"08284099999,LEVC,F1683,LEBT,08014399999,08286099999",27,10,2024,6,1,16.3,14.427,69.1,17.7,2.263,84.2,18.6,0.0,81.4,19.8,0.0,68.2
valencia,2024-10-28,21.4,11.9,16.8,21.4,11.9,16.8,14.6,87.8,11.266,100.0,33.33,rain,0.0,0.0,38.9,18.5,29.7,1019.6,57.7,11.6,133.7,11.5,6,10.0,2024-10-28T07:25:39,2024-10-28T18:04:22,0.86,"Rain, Partially cloudy",Partly cloudy throughout the day with a chance of rain throughout the day.,rain,"08284099999,LEVC,F1683,LEBT,08014399999,08286099999",28,10,2024,0,0,13.2,6.351,80.0,16.3,14.427,69.1,17.7,2.263,84.2,19.2,0.0,76.8
valencia,2024-10-29,21.2,18.4,20.0,21.2,18.4,20.0,18.0,88.3,14.473,100.0,33.33,rain,0.0,0.0,79.2,48.5,49.1,1016.6,79.1,8.4,25.5,2.1,3,30.0,2024-10-29T07:26:45,2024-10-29T18:03:09,0.9,"Rain, Partially cloudy",Partly cloudy throughout the day with rain.,rain,"08284099999,LEVC,F1683,LEBT,08014399999,08286099999,F7738",29,10,2024,1,0,16.8,11.266,87.8,13.2,6.351,80.0,16.3,14.427,69.1,19.7,0.61,76.8
valencia,2024-10-30,23.7,18.4,21.0,23.7,18.4,21.0,18.7,86.7,0.976,100.0,4.17,rain,0.0,0.0,57.6,27.4,64.3,1015.3,57.8,8.0,109.0,9.4,5,60.0,2024-10-30T07:27:51,2024-10-30T18:01:56,0.93,"Rain, Partially cloudy",Partly cloudy throughout the day with morning rain.,rain,"08284099999,LEVC,F1683,LEBT,08014399999,08286099999,F7738",30,10,2024,2,0,20.0,14.473,88.3,16.8,11.266,87.8,13.2,6.351,80.0,19.1,2.875,83.0
valencia,2024-10-31,23.6,15.6,19.1,23.6,15.6,19.1,15.6,81.1,0.137,100.0,8.33,rain,0.0,0.0,24.1,17.2,40.8,1020.0,54.7,10.2,134.4,11.6,5,10.0,2024-10-31T07:28:58,2024-10-31T18:00:45,0.96,"Rain, Partially cloudy",Partly cloudy throughout the day with morning rain.,rain,"08284099999,LEVC,F1683,LEBT,08014399999,08286099999",31,10,2024,3,0,21.0,0.976,86.7,20.0,14.473,88.3,16.8,11.266,87.8,18.6,0.0,81.4
valencia,2024-11-01,21.9,15.9,18.3,21.9,15.9,18.3,14.8,80.6,0.188,100.0,12.5,rain,0.0,0.0,29.2,18.8,41.6,1020.9,49.7,11.9,113.1,9.9,5,10.0,2024-11-01T07:30:05,2024-11-01T17:59:36,0.0,"Rain, Partially cloudy",Partly cloudy throughout the day with morning rain.,rain,"08284099999,LEVC,F1683,LEBT,08014399999,08286099999",1,11,2024,4,0,19.1,0.137,81.1,21.0,0.976,86.7,20.0,14.473,88.3,17.7,2.263,84.2
valencia,2024-11-02,22.3,13.2,17.2,22.3,13.2,17.2,14.1,83.3,0.156,100.0,20.83,rain,0.0,0.0,23.0,16.4,23.8,1020.0,50.7,12.4,125.8,10.8,5,10.0,2024-11-02T07:31:12,2024-11-02T17:58:28,0.03,"Rain, Partially cloudy",Partly cloudy throughout the day with a chance of rain throughout the day.,rain,"08284099999,LEVC,F1683,LEBT,08014399999,08286099999",2,11,2024,5,1,18.3,0.188,80.6,19.1,0.137,81.1,21.0,0.976,86.7,16.3,14.427,69.1
valencia,2024-11-03,21.0,14.5,17.5,21.0,14.5,17.5,15.3,87.6,18.0,100.0,16.67,rain,0.0,0.0,29.2,17.2,26.7,1022.3,67.2,9.9,49.5,4.2,3,10.0,2024-11-03T07:32:19,2024-11-03T17:57:21,0.07,"Rain, Partially cloudy",Partly cloudy throughout the day with late afternoon rain.,rain,"08284099999,LEVC,F1683,LEBT,08014399999,08286099999",3,11,2024,6,1,17.2,0.156,83.3,18.3,0.188,80.6,19.1,0.137,81.1,13.2,6.351,80.0
valencia,2024-11-05,24.0,16.1,19.2,24.0,16.1,19.2,16.8,86.8,0.0,0.0,0.0,rain,0.0,0.0,17.3,14.2,10.4,1022.6,59.1,9.2,117.3,10.1,5,10.0,2024-11-05T07:34:34,2024-11-05T17:55:12,0.14,Partially cloudy,Partly cloudy throughout the day.,partly-cloudy-day,"08284099999,LEVC,F1683,LEBT,08014399999,08286099999",5,11,2024,1,0,18.4,0.0,89.6,17.5,18.0,87.6,17.2,0.156,83.3,20.0,14.473,88.3
valencia,2024-11-07,20.9,14.5,17.1,20.9,14.5,17.1,15.1,88.3,0.781,100.0,8.33,rain,0.0,0.0,24.8,16.5,36.5,1023.7,47.0,9.8,87.6,7.6,4,10.0,2024-11-07T07:36:50,2024-11-07T17:53:09,0.21,"Rain, Partially cloudy",Partly cloudy throughout the day with afternoon rain.,rain,"08284099999,LEVC,F1683,LEBT,08014399999,08286099999",7,11,2024,3,0,18.6,0.0,88.3,19.2,0.0,86.8,18.4,0.0,89.6,19.1,0.137,81.1
valencia,2024-11-12,19.0,9.5,13.9,19.0,8.4,13.8,7.4,67.3,0.014,100.0,4.17,rain,0.0,0.0,40.7,21.7,344.1,1018.7,38.9,12.4,98.2,8.6,5,10.0,2024-11-12T07:42:31,2024-11-12T17:48:32,0.38,"Rain, Partially cloudy",Partly cloudy throughout the day with late afternoon rain.,rain,"08284099999,LEVC,F1683,LEBT,08014399999,08286099999",12,11,2024,1,0,14.8,0.0,75.5,16.0,0.0,70.5,16.7,0.0,80.7,19.2,0.0,86.8
valencia,2024-11-13,16.9,10.1,12.9,16.9,10.1,12.9,8.9,77.5,3.907,100.0,16.67,rain,0.0,0.0,53.3,29.4,6.0,1015.8,68.3,10.8,35.9,3.1,2,10.0,2024-11-13T07:43:39,2024-11-13T17:47:41,0.42,"Rain, Partially cloudy",Partly cloudy throughout the day with a chance of rain throughout the day.,rain,"08284099999,LEVC,F1683,LEBT,08014399999,08286099999",13,11,2024,2,0,13.9,0.014,67.3,14.8,0.0,75.5,16.0,0.0,70.5,18.6,0.0,88.3
valencia,2024-11-14,19.3,15.7,17.2,19.3,15.7,17.2,14.5,84.3,9.726,100.0,12.5,rain,0.0,0.0,34.2,20.3,47.9,1019.4,69.6,10.6,107.5,9.2,5,10.0,2024-11-14T07:44:47,2024-11-14T17:46:53,0.45,"Rain, Partially cloudy",Partly cloudy throughout the day with rain.,rain,"08284099999,LEVC,F1683,LEBT,08014399999,08286099999",14,11,2024,3,0,12.9,3.907,77.5,13.9,0.014,67.3,14.8,0.0,75.5,17.1,0.781,88.3
valencia,2024-11-15,18.7,12.7,16.2,18.7,12.7,16.2,13.2,82.8,0.0,0.0,0.0,rain,0.0,0.0,27.0,16.3,42.9,1022.3,79.7,11.0,59.2,5.0,3,10.0,2024-11-15T07:45:55,2024-11-15T17:46:06,0.5,Partially cloudy,Partly cloudy throughout the day.,partly-cloudy-day,"08284099999,LEVC,F1683,LEBT,08014399999,08286099999",15,11,2024,4,0,17.2,9.726,84.3,12.9,3.907,77.5,13.9,0.014,67.3,16.0,0.0,85.0
valencia,2024-11-18,22.7,10.4,14.9,22.7,10.4,14.9,11.6,82.3,0.0,0.0,0.0,rain,0.0,0.0,20.5,13.2,328.0,1017.8,28.2,10.0,109.1,9.3,5,10.0,2024-11-18T07:49:17,2024-11-18T17:43:57,0.58,Partially cloudy,Partly cloudy throughout the day.,partly-cloudy-day,"LEVC,F1683,LEBT",18,11,2024,0,0,13.9,0.0,85.2,14.6,0.0,85.7,16.2,0.0,82.8,14.8,0.0,75.5
valencia,2024-11-29,24.2,6.7,13.8,24.2,5.8,13.5,9.3,78.5,0.098,100.0,4.17,rain,0.0,0.0,26.6,11.0,310.9,1024.6,15.5,10.5,100.7,8.6,4,10.0,2024-11-29T08:01:08,2024-11-29T17:38:41,0.94,Rain,Clear conditions throughout the day with morning rain.,rain,"08284099999,LEVC,F1683,LEBT,08014399999,08286099999",29,11,2024,4,0,14.5,0.0,79.2,13.8,0.0,79.7,14.4,0.0,72.7,17.0,0.0,65.3
valencia,2024-12-03,19.9,12.2,15.3,19.9,12.2,15.3,11.4,78.5,0.005,100.0,4.17,rain,0.0,0.0,25.9,10.6,359.6,1020.1,33.9,11.4,93.2,8.1,4,10.0,2024-12-03T08:05:04,2024-12-03T17:37:50,0.08,"Rain, Partially cloudy",Clearing in the afternoon with late afternoon rain.,rain,"08284099999,LEVC,F1683,LEBT,08014399999,08286099999",3,12,2024,1,0,14.5,0.0,82.4,13.6,0.0,89.2,13.3,0.0,90.2,14.4,0.0,72.7
valencia,2024-12-04,18.3,8.7,14.0,18.3,7.6,13.8,9.7,77.9,3.0,100.0,20.83,rain,0.0,0.0,35.3,15.4,311.0,1021.6,43.8,10.9,72.3,6.3,4,10.0,2024-12-04T08:06:01,2024-12-04T17:37:42,0.11,"Rain, Partially cloudy",Partly cloudy throughout the day with rain clearing later.,rain,"08284099999,LEVC,F1683,LEBT,08014399999,08286099999",4,12,2024,2,0,15.3,0.005,78.5,14.5,0.0,82.4,13.6,0.0,89.2,13.8,0.0,79.7
valencia,2024-12-11,12.2,7.1,9.9,12.2,6.2,9.4,4.0,68.4,0.195,100.0,4.17,rain,0.0,0.0,24.1,13.9,12.3,1019.1,82.5,11.7,55.0,4.8,3,10.0,2024-12-11T08:12:03,2024-12-11T17:37:54,0.36,"Rain, Partially cloudy",Partly cloudy throughout the day with early morning rain.,rain,"08284099999,LEVC,F1683,LEBT,08014399999,08286099999",11,12,2024,2,0,9.1,0.0,59.7,11.1,0.0,44.8,12.9,0.0,36.6,14.0,3.0,77.9
valencia,2024-12-12,13.9,7.9,10.6,13.9,6.2,10.4,5.8,72.6,0.0,0.0,0.0,rain,0.0,0.0,24.8,13.1,328.2,1019.9,77.3,12.0,51.2,4.5,3,10.0,2024-12-12T08:12:50,2024-12-12T17:38:05,0.4,Partially cloudy,Partly cloudy throughout the day.,partly-cloudy-day,"08284099999,LEVC,F1683,LEBT,08014399999,08286099999",12,12,2024,3,0,9.9,0.195,68.4,9.1,0.0,59.7,11.1,0.0,44.8,12.1,0.0,59.9
valencia,2024-12-25,17.7,5.7,11.6,17.7,4.7,11.2,7.8,78.2,0.0,0.0,0.0,rain,0.0,0.0,27.4,20.0,57.3,1027.7,39.2,13.3,92.3,7.9,4,10.0,2024-12-25T08:20:16,2024-12-25T17:43:31,0.82,Partially cloudy,Becoming cloudy in the afternoon.,partly-cloudy-day,"08284099999,LEVC,F1683,LEBT,08014399999,08286099999",25,12,2024,2,0,11.3,0.0,56.0,14.1,0.0,37.8,12.2,0.0,56.1,12.4,0.0,61.7
valencia,2024-12-31,12.3,5.7,9.0,12.3,5.1,8.0,6.7,86.1,2.831,100.0,12.5,rain,0.0,0.0,23.8,13.5,310.4,1030.4,77.5,10.8,33.3,2.9,2,10.0,2024-12-31T08:21:51,2024-12-31T17:47:50,0.02,"Rain, Partially cloudy",Partly cloudy throughout the day with rain.,rain,"08284099999,LEVC,F1683,LEBT,08014399999,08286099999",31,12,2024,1,0,8.3,0.0,79.1,7.8,0.0,78.3,9.8,0.0,76.2,11.3,0.0,56.0
valencia,2025-01-01,14.0,6.7,10.1,14.0,6.4,9.6,8.3,89.2,8.834,100.0,29.17,rain,0.0,0.0,22.0,12.7,320.0,1030.1,84.7,10.4,61.3,5.3,3,10.0,2025-01-01T08:21:59,2025-01-01T17:48:39,0.05,"Rain, Partially cloudy",Partly cloudy throughout the day with rain clearing later.,rain,"08284099999,LEVC,F1683,LEBT,08014399999,08286099999",1,1,2025,2,0,9.0,2.831,86.1,8.3,0.0,79.1,7.8,0.0,78.3,11.6,0.0,78.2
valencia,2025-01-04,18.7,8.9,12.7,18.7,7.3,12.5,4.4,58.1,0.098,100.0,4.17,rain,0.0,0.0,36.7,20.6,259.6,1020.3,64.2,13.3,96.8,8.4,4,10.0,2025-01-04T08:22:11,2025-01-04T17:51:15,0.16,"Rain, Partially cloudy",Partly cloudy throughout the day with early morning rain.,rain,"08284099999,LEVC,F1683,LEBT,08014399999,08286099999",4,1,2025,5,1,11.6,0.0,57.3,9.3,0.0,79.9,10.1,8.834,89.2,9.8,0.0,76.2
valencia,2025-01-16,14.3,-0.2,6.8,14.3,-2.8,5.2,0.7,67.2,15.035,100.0,25.0,rain,0.0,0.0,45.4,24.6,7.5,1024.1,39.5,11.0,96.1,8.3,4,10.0,2025-01-16T08:19:44,2025-01-16T18:03:23,0.58,"Rain, Partially cloudy",Becoming cloudy in the afternoon with late afternoon rain.,rain,"08284099999,LEVC,F1683,LEBT,08014399999,08286099999",16,1,2025,3,0,5.1,0.0,57.6,6.0,0.0,54.9,8.0,0.0,58.6,16.3,0.0,56.6
valencia,2025-01-17,11.6,5.8,9.1,11.6,4.6,7.4,5.2,76.9,5.186,100.0,45.83,rain,0.0,0.0,54.4,21.0,6.0,1027.4,73.2,11.1,29.0,2.4,2,10.0,2025-01-17T08:19:18,2025-01-17T18:04:29,0.61,"Rain, Partially cloudy",Partly cloudy throughout the day with a chance of rain throughout the day.,rain,"08284099999,LEVC,F1683,LEBT,08014399999,08286099999",17,1,2025,4,0,6.8,15.035,67.2,5.1,0.0,57.6,6.0,0.0,54.9,14.9,0.0,62.4
valencia,2025-01-20,14.2,3.6,8.9,14.2,1.9,8.5,4.7,75.9,0.098,100.0,4.17,rain,0.0,0.0,33.1,14.5,274.7,1017.9,68.4,12.4,82.5,7.2,5,10.0,2025-01-20T08:17:48,2025-01-20T18:07:52,0.71,"Rain, Partially cloudy",Partly cloudy throughout the day with late afternoon rain.,rain,"08284099999,LEVC,F1683,LEBT,08014399999,08286099999",20,1,2025,0,0,7.1,0.0,72.0,8.2,0.0,70.4,9.1,5.186,76.9,8.0,0.0,58.6
valencia,2025-01-21,16.4,9.2,11.8,16.4,8.9,11.7,9.8,88.4,0.977,100.0,8.33,rain,0.0,0.0,23.4,8.8,275.2,1014.2,72.7,11.2,65.8,5.7,4,10.0,2025-01-21T08:17:13,2025-01-21T18:09:01,0.75,"Rain, Partially cloudy",Partly cloudy throughout the day with rain clearing later.,rain,"08284099999,LEVC,F1683,LEBT,08014399999,08286099999",21,1,2025,1,0,8.9,0.098,75.9,7.1,0.0,72.0,8.2,0.0,70.4,6.0,0.0,54.9
valencia,2025-01-25,17.9,10.0,14.0,17.9,10.0,14.0,8.0,68.2,0.0,0.0,0.0,rain,0.0,0.0,63.0,26.1,255.7,1016.4,27.8,12.6,61.3,5.3,3,10.0,2025-01-25T08:14:37,2025-01-25T18:13:40,0.87,Partially cloudy,Partly cloudy throughout the day.,partly-cloudy-day,"08284099999,LEVC,F1683,LEBT,08014399999,08286099999",25,1,2025,5,1,15.0,0.0,68.6,15.5,0.0,65.9,13.6,0.0,72.6,8.2,0.0,70.4
valencia,2025-01-27,25.0,14.2,19.7,25.0,14.2,19.7,10.2,55.2,0.0,0.0,0.0,rain,0.0,0.0,68.1,37.8,245.0,1010.2,53.8,12.4,100.1,8.6,5,10.0,2025-01-27T08:13:07,2025-01-27T18:16:01,0.93,Partially cloudy,Partly cloudy throughout the day.,partly-cloudy-day,"08284099999,LEVC,F1683,LEBT,08014399999,08286099999",27,1,2025,0,0,13.9,0.0,65.9,14.0,0.0,68.2,15.0,0.0,68.6,8.9,0.098,75.9
valencia,2025-02-01,16.1,2.8,8.5,16.1,1.5,7.5,3.1,72.9,2.934,100.0,8.33,rain,0.0,0.0,27.4,22.2,288.9,1022.1,50.7,12.4,118.9,10.2,7,10.0,2025-02-01T08:08:52,2025-02-01T18:21:57,0.1,"Rain, Partially cloudy",Partly cloudy throughout the day with rain.,rain,"08284099999,LEVC,VREI4,F1683,LEBT,08014399999,08286099999",1,2,2025,5,1,12.6,0.0,53.5,12.5,0.0,53.4,11.9,0.0,58.1,14.0,0.0,68.2
valencia,2025-02-08,19.2,6.0,12.4,19.2,4.1,12.0,4.5,63.5,0.0,0.0,0.0,rain,0.0,0.0,29.5,24.6,288.8,1020.1,40.0,13.1,143.4,12.3,5,10.0,2025-02-08T08:01:45,2025-02-08T18:30:14,0.35,Partially cloudy,Partly cloudy throughout the day.,partly-cloudy-day,"08284099999,LEVC,F1683,LEBT,08014399999,08286099999",8,2,2025,5,1,9.3,0.0,70.3,8.8,0.0,71.6,8.9,0.0,68.9,8.5,2.934,72.9
valencia,2025-02-12,18.9,9.6,12.7,18.9,9.1,12.6,9.3,80.9,1.493,100.0,20.83,rain,0.0,0.0,34.6,18.3,307.7,1015.6,54.7,10.4,100.0,8.6,6,10.0,2025-02-12T07:57:10,2025-02-12T18:34:56,0.5,"Rain, Partially cloudy",Partly cloudy throughout the day with rain.,rain,"08284099999,LEVC,F1683,LEBT,08014399999,08286099999",12,2,2025,2,0,12.1,0.0,80.1,10.4,0.0,77.2,10.2,0.0,69.5,8.9,0.0,68.9
valencia,2025-02-22,18.8,8.5,12.9,18.8,7.9,12.8,10.0,83.9,3.141,100.0,12.5,rain,0.0,0.0,21.2,16.2,22.6,1020.7,41.6,8.8,80.6,7.0,4,10.0,2025-02-22T07:44:15,2025-02-22T18:46:20,0.82,"Rain, Partially cloudy",Partly cloudy throughout the day with late afternoon rain.,rain,"08284099999,LEVC,F1683,LEBT,08014399999,08286099999",22,2,2025,5,1,14.5,0.0,79.4,13.9,0.0,78.5,13.5,0.0,83.6,11.9,0.0,84.5
valencia,2025-02-23,17.3,9.1,12.9,17.3,9.1,12.9,8.6,77.1,0.0,0.0,0.0,rain,0.0,0.0,22.0,12.9,345.6,1028.0,52.0,11.9,98.0,8.3,4,10.0,2025-02-23T07:42:51,2025-02-23T18:47:27,0.85,Partially cloudy,Partly cloudy throughout the day.,partly-cloudy-day,"08284099999,LEVC,F1683,LEBT,08014399999,08286099999",23,2,2025,6,1,12.9,3.141,83.9,14.5,0.0,79.4,13.9,0.0,78.5,13.0,0.0,82.3
valencia,2025-02-25,18.7,11.2,15.1,18.7,11.2,15.1,6.1,55.3,0.293,100.0,4.17,rain,0.0,0.0,46.8,23.9,266.4,1022.0,64.1,13.3,48.5,4.1,2,10.0,2025-02-25T07:40:02,2025-02-25T18:49:40,0.92,"Rain, Partially cloudy",Partly cloudy throughout the day with late afternoon rain.,rain,"08284099999,LEVC,F1683,LEBT,08014399999,08286099999",25,2,2025,1,0,13.2,0.0,64.1,12.9,0.0,77.1,12.9,3.141,83.9,13.1,0.0,81.4
valencia,2025-03-01,13.9,10.3,12.0,13.9,10.3,12.0,7.9,76.7,1.921,100.0,20.83,rain,0.0,0.0,45.7,28.9,42.0,1016.8,71.6,11.7,88.8,7.7,6,10.0,2025-03-01T07:34:14,2025-03-01T18:54:01,0.05,"Rain, Partially cloudy",Partly cloudy throughout the day with a chance of rain throughout the day.,rain,"08284099999,LEVC,F1683,LEBT,08014399999,08286099999",1,3,2025,5,1,11.2,0.0,75.9,10.5,0.0,65.1,11.5,0.0,57.3,12.9,3.141,83.9
valencia,2025-03-02,13.8,9.3,11.2,13.8,8.0,11.0,7.6,79.0,8.015,100.0,20.83,rain,0.0,0.0,46.8,28.3,39.9,1020.3,83.3,10.6,67.4,5.7,3,10.0,2025-03-02T07:32:46,2025-03-02T18:55:06,0.09,"Rain, Partially cloudy",Partly cloudy throughout the day with rain.,rain,"08284099999,LEVC,F1683,LEBT,08014399999,08286099999",2,3,2025,6,1,12.0,1.921,76.7,11.2,0.0,75.9,10.5,0.0,65.1,12.9,0.0,77.1
valencia,2025-03-03,14.9,11.6,13.2,14.9,11.6,13.2,12.0,92.8,9.436,100.0,62.5,rain,0.0,0.0,39.2,24.8,67.5,1018.8,90.2,7.8,52.7,4.5,3,10.0,2025-03-03T07:31:16,2025-03-03T18:56:10,0.12,"Rain, Overcast",Cloudy skies throughout the day with a chance of rain throughout the day.,rain,"08284099999,LEVC,F1683,LEBT,08014399999,08286099999",3,3,2025,0,0,11.2,8.015,79.0,12.0,1.921,76.7,11.2,0.0,75.9,13.2,0.0,64.1
valencia,2025-03-04,14.0,12.7,13.5,14.0,12.7,13.5,11.9,89.9,1.074,100.0,8.33,rain,0.0,0.0,46.4,25.2,44.1,1018.6,91.4,9.1,35.0,2.8,1,10.0,2025-03-04T07:29:46,2025-03-04T18:57:14,0.16,"Rain, Overcast",Cloudy skies throughout the day with rain.,rain,"08284099999,LEVC,F1683,LEBT,08014399999,08286099999",4,3,2025,1,0,13.2,9.436,92.8,11.2,8.015,79.0,12.0,1.921,76.7,15.1,0.293,55.3
valencia,2025-03-05,13.6,12.0,13.0,13.6,12.0,13.0,12.1,94.2,11.103,100.0,58.33,rain,0.0,0.0,49.2,28.9,53.4,1018.3,88.9,7.1,16.1,1.4,1,10.0,2025-03-05T07:28:15,2025-03-05T18:58:18,0.19,"Rain, Partially cloudy",Partly cloudy throughout the day with a chance of rain throughout the day.,rain,"08284099999,LEVC,F1683,LEBT,08014399999,08286099999",5,3,2025,2,0,13.5,1.074,89.9,13.2,9.436,92.8,11.2,8.015,79.0,11.5,0.0,57.3
valencia,2025-03-06,16.3,13.6,14.4,16.3,13.6,14.4,12.4,88.2,0.098,100.0,4.17,rain,0.0,0.0,40.0,25.5,55.6,1016.1,80.7,8.7,82.7,7.3,5,10.0,2025-03-06T07:26:44,2025-03-06T18:59:21,0.25,"Rain, Partially cloudy",Partly cloudy throughout the day with early morning rain.,rain,"08284099999,LEVC,F1683,LEBT,08014399999,08286099999",6,3,2025,3,0,13.0,11.103,94.2,13.5,1.074,89.9,13.2,9.436,92.8,10.5,0.0,65.1
valencia,2025-03-07,15.2,11.0,13.2,15.2,11.0,13.2,11.5,89.0,0.224,100.0,12.5,rain,0.0,0.0,35.6,15.2,29.2,1014.2,83.7,10.3,84.8,7.3,4,10.0,2025-03-07T07:25:12,2025-03-07T19:00:25,0.26,"Rain, Partially cloudy",Partly cloudy throughout the day with rain.,rain,"08284099999,LEVC,F1683,LEBT,08014399999,08286099999",7,3,2025,4,0,14.4,0.098,88.2,13.0,11.103,94.2,13.5,1.074,89.9,11.2,0.0,75.9
valencia,2025-03-08,16.0,11.7,14.1,16.0,11.7,14.1,12.9,92.3,0.057,100.0,12.5,rain,0.0,0.0,41.8,23.2,99.9,1005.7,86.2,8.3,87.5,7.5,4,10.0,2025-03-08T07:23:40,2025-03-08T19:01:28,0.3,"Rain, Partially cloudy",Partly cloudy throughout the day with rain.,rain,"08284099999,LEVC,F1683,LEBT,08014399999,08286099999",8,3,2025,5,1,13.2,0.224,89.0,14.4,0.098,88.2,13.0,11.103,94.2,12.0,1.921,76.7
valencia,2025-03-09,17.2,9.4,13.1,17.2,7.8,13.0,6.0,63.1,1.1,100.0,8.33,rain,0.0,0.0,41.4,23.3,259.4,1000.3,48.4,10.0,171.7,14.8,7,10.0,2025-03-09T07:22:07,2025-03-09T19:02:30,0.33,"Rain, Partially cloudy",Becoming cloudy in the afternoon with rain.,rain,"LEVC,F1683,LEBT",9,3,2025,6,1,14.1,0.057,92.3,13.2,0.224,89.0,14.4,0.098,88.2,11.2,8.015,79.0
valencia,2025-03-10,18.0,9.7,13.1,18.0,8.4,12.9,7.1,68.8,0.8,100.0,16.67,rain,0.0,0.0,38.9,17.7,260.5,1002.3,78.2,10.0,162.2,14.1,8,10.0,2025-03-10T07:20:34,2025-03-10T19:03:33,0.37,"Rain, Partially cloudy",Partly cloudy throughout the day with rain.,rain,"LEVC,F1683,LEBT",10,3,2025,0,0,13.1,1.1,63.1,14.1,0.057,92.3,13.2,0.224,89.0,13.2,9.436,92.8
valencia,2025-03-11,20.1,11.4,14.1,20.1,11.4,14.1,7.9,68.1,1.6,100.0,25.0,rain,0.0,0.0,47.2,24.1,260.3,1001.7,57.8,9.9,136.0,11.8,7,10.0,2025-03-11T07:19:01,2025-03-11T19:04:35,0.4,"Rain, Partially cloudy",Clearing in the afternoon with rain.,rain,"LEVC,F1683,LEBT",11,3,2025,1,0,13.1,0.8,68.8,13.1,1.1,63.1,14.1,0.057,92.3,13.5,1.074,89.9
valencia,2025-03-13,16.5,9.8,13.1,16.5,7.6,12.9,7.0,67.2,1.0,100.0,16.67,rain,0.0,0.0,34.2,22.8,250.8,997.3,77.0,14.9,54.5,4.5,2,10.0,2025-03-13T07:15:52,2025-03-13T19:06:39,0.47,"Rain, Partially cloudy",Partly cloudy throughout the day with rain.,rain,"LEVC,F1683,LEBT",13,3,2025,3,0,14.1,0.0,60.9,14.1,1.6,68.1,13.1,0.8,68.8,14.4,0.098,88.2
